-- phpMyAdmin SQL Dump
-- version 5.0.4
-- https://www.phpmyadmin.net/
--
-- Host: 127.0.0.1
-- Generation Time: May 17, 2021 at 04:23 PM
-- Server version: 10.4.16-MariaDB
-- PHP Version: 7.4.12

SET SQL_MODE = "NO_AUTO_VALUE_ON_ZERO";
START TRANSACTION;
SET time_zone = "+00:00";


/*!40101 SET @OLD_CHARACTER_SET_CLIENT=@@CHARACTER_SET_CLIENT */;
/*!40101 SET @OLD_CHARACTER_SET_RESULTS=@@CHARACTER_SET_RESULTS */;
/*!40101 SET @OLD_COLLATION_CONNECTION=@@COLLATION_CONNECTION */;
/*!40101 SET NAMES utf8mb4 */;

--
-- Database: `hachi2`
--
CREATE DATABASE IF NOT EXISTS `hachi2` DEFAULT CHARACTER SET utf8mb4 COLLATE utf8mb4_general_ci;
USE `hachi2`;

-- --------------------------------------------------------

--
-- Table structure for table `bahan`
--

CREATE TABLE `bahan` (
  `kodebahan` int(11) NOT NULL,
  `namabahan` varchar(30) NOT NULL,
  `satuan` varchar(10) NOT NULL,
  `jenis` varchar(12) NOT NULL,
  `harga` int(11) NOT NULL,
  `stok` int(11) NOT NULL,
  `foto` varchar(30) NOT NULL,
  `status` varchar(10) NOT NULL,
  `mudahbusuk` int(2) NOT NULL DEFAULT 0 COMMENT '0 = TIDAK\r\n1 = MUDAH BUSUK'
) ENGINE=InnoDB DEFAULT CHARSET=utf8mb4;

--
-- Dumping data for table `bahan`
--

INSERT INTO `bahan` (`kodebahan`, `namabahan`, `satuan`, `jenis`, `harga`, `stok`, `foto`, `status`, `mudahbusuk`) VALUES
(3, 'TELUR AYAM', 'KG', 'BAHAN BAKU', 25500, 0, 'default.jpg', 'AKTIF', 0),
(4, 'BAKSO UDANG', 'PCS', 'BAHAN BAKU', 30000, 0, 'default.jpg', 'AKTIF', 0),
(5, 'BAKSO CUMI', 'PCS', 'BAHAN BAKU', 25000, 0, 'default.jpg', 'AKTIF', 0),
(6, 'FRENCH FRIES', 'PCK', 'BAHAN BAKU', 37000, 0, 'default.jpg', 'AKTIF', 0),
(7, 'BERAS LOKAL', 'SAK', 'BAHAN BAKU', 300000, 0, 'default.jpg', 'AKTIF', 0),
(8, 'SPICY SEAFOOD YAKI UDON', 'PORSI', 'BAHAN JADI', 54000, 0, 'Spicy_Seafood_Yaki_Udon.jpg', 'AKTIF', 0),
(9, 'SHRIMP AND CHEESE ROLL ', 'PORSI', 'BAHAN JADI', 45000, 0, 'Shrimp_and_Cheese_Roll.jpg', 'AKTIF', 0),
(10, 'SAUCE TERIYAKI', 'GL', 'BAHAN BAKU', 200000, 0, 'default.jpg', 'AKTIF', 0),
(11, 'UBUR - UBUR', 'PORSI', 'BAHAN JADI', 40000, 0, 'default.jpg', 'AKTIF', 0),
(16, 'LEMON', 'KG', 'BAHAN BAKU', 90000, 0, 'default.jpg', 'AKTIF', 0),
(17, 'KIKOMAN', 'PCS', 'BAHAN BAKU', 30000, 0, 'default.jpg', 'AKTIF', 0),
(21, 'NARUTOMAKI', 'KG', 'BAHAN BAKU', 37500, 0, 'narutomaki-kamaboko_43.jpeg', 'AKTIF', 0),
(23, 'MINYAK GORENG', 'PCS', 'BAHAN BAKU', 20000, 0, 'default.jpg', 'AKTIF', 0),
(24, 'BOMBAY', 'PCS', 'BAHAN BAKU', 17000, 0, 'default.jpg', 'AKTIF', 0),
(25, 'UDON MIE', 'PCS', 'BAHAN BAKU', 28000, 0, 'default.jpg', 'AKTIF', 0),
(26, 'CHICKEN KARAGE', 'PCS', 'BAHAN BAKU', 40000, 0, 'default.jpg', 'AKTIF', 0),
(27, 'RAMEN', 'PCS', 'BAHAN BAKU', 15000, 0, 'default.jpg', 'AKTIF', 0),
(28, 'CRABSTIK', 'GL', 'BAHAN BAKU', 50000, 0, 'default.jpg', 'AKTIF', 0),
(29, 'MIE PASTA', 'PCS', 'BAHAN BAKU', 27500, 0, 'default.jpg', 'AKTIF', 0),
(30, 'SAUCE RAMEN', 'GL', 'BAHAN BAKU', 75000, 0, 'default.jpg', 'AKTIF', 0),
(31, 'SAUCE DIANE', 'GL', 'BAHAN BAKU', 30000, 0, 'default.jpg', 'AKTIF', 0),
(32, 'GARAM', 'PCS', 'BAHAN BAKU', 3000, 0, 'default.jpg', 'AKTIF', 0),
(33, 'SPAGHETTI', 'PCS', 'BAHAN BAKU', 15000, 0, 'default.jpg', 'AKTIF', 0),
(34, 'FETTUCCINE', 'PCS', 'BAHAN BAKU', 28000, 0, 'default.jpg', 'AKTIF', 0),
(35, 'MAYONNAISE ', 'PCS', 'BAHAN BAKU', 40000, 0, 'default.jpg', 'AKTIF', 0),
(36, 'YAKINIKU BEEF', 'PCS', 'BAHAN BAKU', 45000, 0, 'default.jpg', 'AKTIF', 0),
(37, 'JAMUR SHINTAKE', 'PCS', 'BAHAN BAKU', 95000, 0, 'default.jpg', 'AKTIF', 0),
(38, 'KEJU CHEDDAR', 'PCS', 'BAHAN BAKU', 25000, 0, 'default.jpg', 'AKTIF', 0),
(39, 'KEJU BUBUK', 'PCS', 'BAHAN BAKU', 39000, 0, 'default.jpg', 'AKTIF', 0),
(40, 'DAGING SIRLOIN ', 'GL', 'BAHAN BAKU', 68000, 0, 'default.jpg', 'AKTIF', 0),
(41, 'BAWANG PUTIH', 'KG', 'BAHAN BAKU', 20000, 0, 'default.jpg', 'AKTIF', 0),
(42, 'SALMON SASHIMI', 'PORSI', 'BAHAN JADI', 63000, 0, 'default.jpg', 'AKTIF', 0),
(43, 'SHASIMI SALAD', 'PORSI', 'BAHAN JADI', 65000, 0, 'shasimi_salad1.jpg', 'AKTIF', 0),
(44, 'SALMON CARPACIO', 'PORSI', 'BAHAN JADI', 65000, 0, 'default.jpg', 'AKTIF', 0),
(45, 'CHUKA WAKAME', 'PCS', 'BAHAN JADI', 10000, 0, 'chuka_wakame.jpg', 'AKTIF', 0),
(46, 'CRABSTICK MAYO', 'PCS', 'BAHAN JADI', 10000, 0, 'crabstick_mayo.jpg', 'AKTIF', 0),
(47, 'CHUKA KURAGE', 'PCS', 'BAHAN JADI', 10000, 0, 'chuka_kurage.jpg', 'AKTIF', 0),
(48, 'HACHI GUNKAN', 'PORSI', 'BAHAN JADI', 10000, 0, 'default.jpg', 'AKTIF', 0),
(49, 'ORANGE TOBIKO', 'PORSI', 'BAHAN JADI', 10000, 0, 'default.jpg', 'AKTIF', 0),
(50, 'BLACK TOBIKO', 'PCS', 'BAHAN JADI', 10000, 0, 'black_tobiko.jpg', 'AKTIF', 0),
(51, 'BABY OCTOPUS', 'PCS', 'BAHAN JADI', 10000, 0, 'nigiri_sushi_baby_octopus.jpg', 'AKTIF', 0),
(52, 'CALAMARI TEMPURA MAKI 6PCS', 'PORSI', 'BAHAN JADI', 41000, 0, 'default.jpg', 'AKTIF', 0),
(53, 'SPICY SALMON SKIN ROLL 6PCS', 'PORSI', 'BAHAN JADI', 41000, 0, 'Spicy_salmon_skin_roll.jpg', 'AKTIF', 0),
(54, 'KOREAN GIMBAP 6PCS', 'PORSI', 'BAHAN JADI', 47000, 0, 'Korean_Gimbab.jpg', 'AKTIF', 0),
(55, 'FUTOMAKI 6PCS', 'PORSI', 'BAHAN JADI', 42000, 0, 'Futomaki.jpg', 'AKTIF', 0),
(56, 'BAGELL ROLL 8PCS', 'PORSI', 'BAHAN JADI', 44000, 0, 'Bagel_Roll.jpg', 'AKTIF', 0),
(57, 'UNAKYU ROLL 8PCS', 'PORSI', 'BAHAN JADI', 45000, 0, 'Unakyu_Roll.jpg', 'AKTIF', 0),
(58, 'SUPER CALIFORNIA 8PCS', 'PORSI', 'BAHAN JADI', 39000, 0, 'Super_California.jpg', 'AKTIF', 0),
(59, 'ALASKAN CRUNCH ROLL 8PCS', 'PORSI', 'BAHAN JADI', 44000, 0, 'Alaskan_Crunch_Roll.jpg', 'AKTIF', 0),
(60, 'SHRIMP TEMPURA ROLL 8PCS', 'PORSI', 'BAHAN JADI', 43000, 0, 'Shrimp_Tempura_Roll.jpg', 'AKTIF', 0),
(61, 'FIRE FLOSS ROLL 8PCS', 'PORSI', 'BAHAN JADI', 52000, 0, 'Fire_Floss_Roll.jpg', 'AKTIF', 0),
(62, 'DRAGON ROLL 8PCS', 'PORSI', 'BAHAN JADI', 50000, 0, 'Dragon_Roll.jpg', 'AKTIF', 0),
(63, 'ROCK N ROLL 8PCS', 'PORSI', 'BAHAN JADI', 50000, 0, 'Rock_n_Roll.jpg', 'AKTIF', 0),
(64, 'VEGETABLE TEMPURA ROLL ', 'PORSI', 'BAHAN JADI', 33000, 0, 'default.jpg', 'AKTIF', 0),
(65, 'TUNA SANDWICH ROLL', 'PORSI', 'BAHAN JADI', 42000, 0, 'default.jpg', 'AKTIF', 0),
(66, 'SALMON DIP', 'PORSI', 'BAHAN JADI', 52000, 0, 'default.jpg', 'AKTIF', 0),
(67, 'DEVIL TUNA ROLL', 'PORSI', 'BAHAN JADI', 43000, 0, 'default.jpg', 'AKTIF', 0),
(68, 'PHILADELPHIA ROLL', 'PORSI', 'BAHAN JADI', 45000, 0, 'default.jpg', 'AKTIF', 0),
(69, 'DANCING EEL ROL 8PCS', 'PORSI', 'BAHAN JADI', 50000, 0, 'Dancing_Roll.JPG', 'AKTIF', 0),
(70, 'BEEF FLOSS ROLL 8PCS', 'PORSI', 'BAHAN JADI', 42000, 0, 'Beef_Floss_Roll.jpg', 'AKTIF', 0),
(71, 'BAKED SALMON ROLL 8PCS', 'PORSI', 'BAHAN JADI', 52000, 0, 'Baked_Salmon_Roll.jpg', 'AKTIF', 0),
(72, 'PEKING SALMON ROLL 8PCS', 'PORSI', 'BAHAN JADI', 51000, 0, 'Peking_Salmon_Roll.jpg', 'AKTIF', 0),
(73, 'CATERPILLAR ROLL 8PCS ', 'PORSI', 'BAHAN JADI', 47000, 0, 'Caterpillar_Roll.jpg', 'AKTIF', 0),
(74, 'EBIKO MAKI 8PCS', 'PORSI', 'BAHAN JADI', 45000, 0, 'Ebiko_Maki.jpg', 'AKTIF', 0),
(75, 'CRUNCHY ROLL 8PCS', 'PORSI', 'BAHAN JADI', 48000, 0, 'Crunchy_Roll.jpg', 'AKTIF', 0),
(76, 'FRIED CHICKEN MAKI 6PCS', 'PORSI', 'BAHAN JADI', 41000, 0, 'Fried_Chicken_Maki.JPG', 'AKTIF', 0),
(77, 'SUSHI PIZZA', 'PORSI', 'BAHAN JADI', 47000, 0, 'Sushi_Pizza.jpg', 'AKTIF', 0),
(78, 'HACHIBAN MAKI', 'PORSI', 'BAHAN JADI', 49000, 0, 'Hachiban_Maki.jpg', 'AKTIF', 0),
(79, 'CALIFORNIA CRUNCH ROLL', 'PORSI', 'BAHAN JADI', 40000, 0, 'default.jpg', 'AKTIF', 0),
(80, 'SUPER CRUNCH ROLL', 'PORSI', 'BAHAN JADI', 52000, 0, 'default.jpg', 'AKTIF', 0),
(81, 'SALMON TOWER MAKI', 'PORSI', 'BAHAN JADI', 52000, 0, 'default.jpg', 'AKTIF', 0),
(82, 'CLUB SALMON ROLL', 'PORSI', 'BAHAN JADI', 52000, 0, 'default.jpg', 'AKTIF', 0),
(83, 'HOT DIP ROLL', 'PORSI', 'BAHAN JADI', 46000, 0, 'Hot_Dip_Roll.jpg', 'AKTIF', 0),
(84, 'FANTASY ROLL', 'PORSI', 'BAHAN JADI', 52000, 0, 'default.jpg', 'AKTIF', 0),
(85, 'CRISPY CALAMARI ROLL', 'PORSI', 'BAHAN JADI', 41000, 0, 'default.jpg', 'AKTIF', 0),
(86, 'DRAGON ROLL', 'PORSI', 'BAHAN JADI', 50000, 0, 'default.jpg', 'AKTIF', 0),
(87, 'ORANGE ROLL', 'PORSI', 'BAHAN JADI', 43000, 0, 'default.jpg', 'AKTIF', 0),
(88, 'KAPPA MAKI', 'PORSI', 'BAHAN JADI', 19000, 0, 'default.jpg', 'AKTIF', 0),
(89, 'SALMON POWER MAKI', 'PORSI', 'BAHAN JADI', 50000, 0, 'Salmon_Power_Maki.jpg', 'AKTIF', 0),
(90, 'SPIDER ROLL 6PCS', 'PORSI', 'BAHAN JADI', 45000, 0, 'Spider_Roll.jpg', 'AKTIF', 0),
(91, 'SALMON ABURA MAKI 8PCS', 'PORSI', 'BAHAN JADI', 52000, 0, 'Salmon_Abura_Maki.jpg', 'AKTIF', 0),
(92, 'BLACK DRAGON ROLL 8PCS', 'PORSI', 'BAHAN JADI', 52000, 0, 'Black_Dragon_Roll.jpg', 'AKTIF', 0),
(93, 'TRIANGLE ROLL 8PCS', 'PORSI', 'BAHAN JADI', 46000, 0, 'Triangle_Roll.jpg', 'AKTIF', 0),
(94, 'SALMON TWISTER 8PCS', 'PORSI', 'BAHAN JADI', 52000, 0, 'Salmon_Twister.jpg', 'AKTIF', 0),
(95, 'FRESH ROLL 8PCS', 'PORSI', 'BAHAN JADI', 52000, 0, 'default.jpg', 'AKTIF', 0),
(96, 'SALMON VOLCANO 4PCS', 'PORSI', 'BAHAN JADI', 65000, 0, 'Salmon_Volcano.jpg', 'AKTIF', 0),
(97, 'DOUBLE DRAGON 8PCS', 'PORSI', 'BAHAN JADI', 72000, 0, 'Double_Dragon.jpg', 'AKTIF', 0),
(98, 'SALMON DYNAMITE 6PCS', 'PORSI', 'BAHAN JADI', 65000, 0, 'Salmon_Dynamite.jpg', 'AKTIF', 0),
(99, 'SEAFOOD BAR ', 'PORSI', 'BAHAN JADI', 47000, 0, 'Seafood_Bar.jpg', 'AKTIF', 0),
(100, 'ELECTRIC EEL BAR', 'PORSI', 'BAHAN JADI', 50000, 0, 'default.jpg', 'AKTIF', 0),
(101, 'SALMON CRUNCH BAR', 'PORSI', 'BAHAN JADI', 47000, 0, 'default.jpg', 'AKTIF', 0),
(102, 'BIG PLATE ENERGIZER', 'PORSI', 'BAHAN JADI', 143000, 0, 'default.jpg', 'AKTIF', 0),
(103, 'BIG PLATE POWER BOOSTER', 'PORSI', 'BAHAN JADI', 132000, 0, 'default.jpg', 'AKTIF', 0),
(104, 'BIG PLATE SALMONIZER', 'PORSI', 'BAHAN JADI', 105000, 0, 'default.jpg', 'AKTIF', 0),
(105, 'BIG PLATE MAKI SUSHI PLATE', 'PORSI', 'BAHAN JADI', 116000, 0, 'default.jpg', 'AKTIF', 0),
(106, 'BIG PLATE UNAGI LOVER', 'PORSI', 'BAHAN JADI', 127000, 0, 'default.jpg', 'AKTIF', 0),
(107, 'BIG PLATE SHASIMI GRANDE', 'PORSI', 'BAHAN JADI', 121000, 0, 'default.jpg', 'AKTIF', 0),
(108, 'BIG PLATE NIGIRI SUSHI', 'PORSI', 'BAHAN JADI', 105000, 0, 'default.jpg', 'AKTIF', 0),
(109, 'BIG PLATE CHIRASI DON', 'PORSI', 'BAHAN JADI', 83000, 0, 'default.jpg', 'AKTIF', 0),
(110, 'BIG PLATE UNAGI DON', 'PORSI', 'BAHAN JADI', 83000, 0, 'default.jpg', 'AKTIF', 0),
(111, 'TORI TORI', 'PORSI', 'BAHAN JADI', 37000, 0, 'Tori.jpg', 'AKTIF', 0),
(112, 'CHUKA WAKAME SALAD', 'PORSI', 'BAHAN JADI', 42000, 0, 'Chuka_Wakame_Salad.jpg', 'AKTIF', 0),
(113, 'SALMON CREAM PIE SOUP', 'PORSI', 'BAHAN JADI', 34000, 0, 'Salmon_Cream1.jpg', 'AKTIF', 0),
(114, 'MIXED GREEN SALAD', 'PORSI', 'BAHAN JADI', 36000, 0, 'default.jpg', 'AKTIF', 0),
(115, 'MISO SOUP', 'PORSI', 'BAHAN JADI', 17000, 0, 'default.jpg', 'AKTIF', 0),
(116, 'AGEDHASI TOFU', 'PORSI', 'BAHAN JADI', 31000, 0, 'default.jpg', 'AKTIF', 0),
(117, 'CALAMARI TEMPURA', 'PCS', 'BAHAN JADI', 36000, 0, 'default.jpg', 'AKTIF', 0),
(118, 'ONION RINGS', 'PORSI', 'BAHAN JADI', 29000, 0, 'default.jpg', 'AKTIF', 0),
(119, 'SALMON CRUNCH', 'PORSI', 'BAHAN JADI', 36000, 0, 'default.jpg', 'AKTIF', 0),
(120, 'EDAMAME', 'PORSI', 'BAHAN JADI', 17000, 0, 'Edamame.jpg', 'AKTIF', 0),
(121, 'CHICKEN TONKOTSU RAMEN', 'PORSI', 'BAHAN JADI', 53000, 0, 'Chicken_Tonkotsu.jpg', 'AKTIF', 0),
(122, 'SEAFOOD TEMPURA RAMEN', 'PORSI', 'BAHAN JADI', 61000, 0, 'Seafood_Tempura.jpg', 'AKTIF', 0),
(123, 'TAN TAN SPICY RAMEN', 'PORSI', 'BAHAN JADI', 53000, 0, 'Tan_Tan_Spicy.jpg', 'AKTIF', 0),
(124, 'MISO RAMEN', 'PORSI', 'BAHAN JADI', 53000, 0, 'default.jpg', 'AKTIF', 0),
(125, 'SHOYU RAMEN', 'PORSI', 'BAHAN JADI', 53000, 0, 'default.jpg', 'AKTIF', 0),
(126, 'SPICY CHEESE ABURA SOBA', 'PORSI', 'BAHAN JADI', 53000, 0, 'Spicy_Cheese_Abura.jpg', 'AKTIF', 0),
(127, 'ABURA SOBA', 'PORSI', 'BAHAN JADI', 53000, 0, 'Abura_Soba.jpg', 'AKTIF', 0),
(128, 'TAN TAN ABURA SOBA', 'PORSI', 'BAHAN JADI', 53000, 0, 'Tan_Tan_Abura.jpg', 'AKTIF', 0),
(129, 'GYUNIKU ABURA SOBA', 'PORSI', 'BAHAN JADI', 58000, 0, 'default.jpg', 'AKTIF', 0),
(130, 'CURRY ABURA SOBA', 'PORSI', 'BAHAN JADI', 58000, 0, 'default.jpg', 'AKTIF', 0),
(131, 'NOBEYAKI UDON', 'PORSI', 'BAHAN JADI', 54000, 0, 'Nobeyaki_Udon.jpg', 'AKTIF', 0),
(132, 'TAN TAN CHICKEN YAKIUDON', 'PORSI', 'BAHAN JADI', 53000, 0, 'Tan_Tan_Chicken.jpg', 'AKTIF', 0),
(133, 'BEEF YAKIUDON', 'PORSI', 'BAHAN JADI', 53000, 0, 'default.jpg', 'AKTIF', 0),
(134, 'KAKE TEMPURA UDON', 'PORSI', 'BAHAN JADI', 54000, 0, 'default.jpg', 'AKTIF', 0),
(135, 'CHASHU UDON', 'PORSI', 'BAHAN JADI', 57000, 0, 'default.jpg', 'AKTIF', 0),
(136, 'SPICY BULGOGI DON', 'PORSI', 'BAHAN JADI', 64000, 0, 'Spicy_Bulgogi_Don.jpg', 'AKTIF', 0),
(145, 'YAKITORI DON', 'PORSI', 'BAHAN JADI', 53000, 0, 'Yakitori_Don.jpg', 'AKTIF', 0),
(146, 'CHICKEN KATSU DON', 'PORSI', 'BAHAN JADI', 50000, 0, 'Chicken_Katsu_Don.jpg', 'AKTIF', 0),
(154, 'DAUN KEMANGI', 'KG', 'BAHAN BAKU', 5000, 0, 'default.jpg', 'AKTIF', 0),
(155, 'TEPUNG TEMPURA', 'PCK', 'BAHAN BAKU', 28000, 0, 'default.jpg', 'AKTIF', 0),
(156, 'WORTEL ', 'KG', 'BAHAN BAKU', 20000, 0, 'default.jpg', 'AKTIF', 0),
(157, 'CUMI RING', 'PCK', 'BAHAN BAKU', 30000, 0, 'default.jpg', 'AKTIF', 0),
(158, 'KECAMBAH', 'KG', 'BAHAN BAKU', 20000, 0, 'default.jpg', 'AKTIF', 0),
(159, 'KEJU KENTAL', 'PCK', 'BAHAN BAKU', 120000, 0, 'default.jpg', 'AKTIF', 0),
(160, 'UDANG KUPAS', 'KG', 'BAHAN BAKU', 60000, 0, 'default.jpg', 'AKTIF', 0),
(161, 'RUMPUT LAUT 5X5', 'PCK', 'BAHAN BAKU', 100000, 0, 'default.jpg', 'AKTIF', 0),
(162, 'WIJEN', 'PCK', 'BAHAN BAKU', 40000, 0, 'default.jpg', 'AKTIF', 0),
(163, 'UBUR MENTAH', 'KG', 'BAHAN BAKU', 50000, 0, 'default.jpg', 'AKTIF', 0),
(164, 'IKAN SALMON ', 'KG', 'BAHAN BAKU', 70000, 0, 'default.jpg', 'AKTIF', 0),
(165, 'SAYUR BUNCIS', 'KG', 'BAHAN BAKU', 20000, 0, 'default.jpg', 'AKTIF', 0),
(166, 'ALPUKAT', 'KG', 'BAHAN BAKU', 19000, 0, 'default.jpg', 'AKTIF', 0),
(167, 'SAYUR KANGKUNG', 'KG', 'BAHAN BAKU', 13000, 0, 'default.jpg', 'AKTIF', 0),
(168, 'RUMPUT LAUT KERING', 'KG', 'BAHAN BAKU', 20000, 0, 'default.jpg', 'AKTIF', 0),
(169, 'CABE KERING', 'KG', 'BAHAN BAKU', 30000, 0, 'default.jpg', 'AKTIF', 0),
(170, 'CUKA ', 'PCK', 'BAHAN BAKU', 15000, 0, 'default.jpg', 'AKTIF', 0),
(171, 'MINYAK WIJEN', 'PCK', 'BAHAN BAKU', 20000, 0, 'default.jpg', 'AKTIF', 0),
(172, 'MADU ASLI', 'PCK', 'BAHAN BAKU', 200500, 0, 'default.jpg', 'AKTIF', 0),
(173, 'GULA PASIR', 'PCK', 'BAHAN BAKU', 25000, 0, 'default.jpg', 'AKTIF', 0),
(174, 'DAUN SELADA', 'KG', 'BAHAN BAKU', 10000, 0, 'default.jpg', 'AKTIF', 0),
(175, 'TOBIKO ORANGE', 'PCK', 'BAHAN BAKU', 98000, 0, 'default.jpg', 'AKTIF', 0),
(176, 'TIMUN JEPANG', 'KG', 'BAHAN BAKU', 17000, 0, 'default.jpg', 'AKTIF', 0),
(177, 'SOSIS BERNADI', 'PCK', 'BAHAN BAKU', 70000, 0, 'default.jpg', 'AKTIF', 0),
(178, 'NASI PUTIH LOKAL', 'GR', 'BAHAN BAKU', 3000, 0, 'default.jpg', 'AKTIF', 0),
(179, 'AIR MINERAL', 'GL', 'BAHAN BAKU', 35000, 0, 'default.jpg', 'AKTIF', 0),
(180, 'TOBIKO BLACK', 'PCK', 'BAHAN BAKU', 98000, 0, 'default.jpg', 'AKTIF', 0),
(181, 'BAYI GURITA TANPA TINTA', 'KG', 'BAHAN BAKU', 60000, 0, 'default.jpg', 'AKTIF', 0),
(182, 'BAYI GURITA TINTA', 'KG', 'BAHAN BAKU', 72000, 0, 'default.jpg', 'AKTIF', 0),
(183, 'JAHE PARUT', 'PCK', 'BAHAN BAKU', 10000, 0, 'default.jpg', 'AKTIF', 0),
(184, 'GULA MERAH', 'PCK', 'BAHAN BAKU', 20000, 0, 'default.jpg', 'AKTIF', 0),
(185, 'TEPUNG BERAS', 'PCK', 'BAHAN BAKU', 9000, 0, 'default.jpg', 'AKTIF', 0),
(186, 'WINE VINERGAR HEINZ', 'GL', 'BAHAN BAKU', 230000, 0, 'default.jpg', 'AKTIF', 0),
(187, 'SESAME SEEDS', 'PCK', 'BAHAN BAKU', 30000, 0, 'default.jpg', 'AKTIF', 0),
(188, 'SAUS DELMON', 'PCK', 'BAHAN BAKU', 30000, 0, 'default.jpg', 'AKTIF', 0),
(189, 'SAMBAL DELMON', 'PCK', 'BAHAN BAKU', 32000, 0, 'default.jpg', 'AKTIF', 0),
(190, 'SESAME OIL', 'PCK', 'BAHAN BAKU', 40000, 0, 'default.jpg', 'AKTIF', 0),
(191, 'BAWANG MERAH', 'KG', 'BAHAN BAKU', 30000, 0, 'default.jpg', 'AKTIF', 0),
(192, 'BAWANG PREI', 'KG', 'BAHAN BAKU', 3000, 0, 'default.jpg', 'AKTIF', 0),
(193, 'WASABI', 'PCK', 'BAHAN BAKU', 50000, 0, 'default.jpg', 'AKTIF', 0),
(194, 'SAUS EEL', 'GL', 'BAHAN BAKU', 70000, 0, 'default.jpg', 'AKTIF', 0),
(195, 'KEPITING KUPAS', 'PCK', 'BAHAN BAKU', 80000, 0, 'default.jpg', 'AKTIF', 0),
(196, 'TEPUNG TERIGU', 'PCK', 'BAHAN BAKU', 14000, 0, 'default.jpg', 'AKTIF', 0),
(197, 'ABON SAPI', 'PCK', 'BAHAN BAKU', 45000, 0, 'default.jpg', 'AKTIF', 0),
(198, 'SAUS UNAGI', 'PCK', 'BAHAN BAKU', 70000, 0, 'default.jpg', 'AKTIF', 1),
(199, 'MERICA BUBUK', 'GL', 'BAHAN BAKU', 7000, 0, 'default.jpg', 'AKTIF', 0),
(200, 'BROKOLI', 'KG', 'BAHAN BAKU', 8000, 0, 'default.jpg', 'AKTIF', 0),
(201, 'KENTANG OLAH HALUS', 'KG', 'BAHAN BAKU', 9000, 0, 'default.jpg', 'AKTIF', 0),
(202, 'IKAN TUNA', 'PCK', 'BAHAN BAKU', 70000, 0, 'default.jpg', 'AKTIF', 0),
(203, 'MENTEGA BLUE BAND', 'PCK', 'BAHAN BAKU', 7000, 0, 'default.jpg', 'AKTIF', 0),
(204, 'DAUN PARSLEY', 'PCK', 'BAHAN BAKU', 30000, 0, 'default.jpg', 'AKTIF', 0),
(205, 'RICE VINEGAR', 'PCK', 'BAHAN BAKU', 60000, 0, 'default.jpg', 'AKTIF', 0),
(206, 'DAGING BEBEK DADA ', 'KG', 'BAHAN BAKU', 90000, 0, 'default.jpg', 'AKTIF', 0),
(207, 'TELUR UDANG (EBIKO)', 'KG', 'BAHAN BAKU', 36000, 0, 'default.jpg', 'AKTIF', 0),
(208, 'JERUK PERAS', 'KG', 'BAHAN BAKU', 20000, 0, 'default.jpg', 'AKTIF', 0),
(209, 'DAUN KOMBU', 'PCK', 'BAHAN BAKU', 30000, 0, 'default.jpg', 'AKTIF', 0),
(210, 'DAGING AYAM DADA', 'KG', 'BAHAN BAKU', 40000, 0, 'default.jpg', 'AKTIF', 0),
(211, 'DAGING CEKER AYAM', 'GL', 'BAHAN BAKU', 20000, 0, 'default.jpg', 'AKTIF', 0);

-- --------------------------------------------------------

--
-- Table structure for table `bom`
--

CREATE TABLE `bom` (
  `kodebom` int(11) NOT NULL,
  `kodebahanjadi` int(11) NOT NULL,
  `kodebahanbaku` int(11) NOT NULL,
  `qty` int(11) NOT NULL
) ENGINE=InnoDB DEFAULT CHARSET=utf8mb4;

--
-- Dumping data for table `bom`
--

INSERT INTO `bom` (`kodebom`, `kodebahanjadi`, `kodebahanbaku`, `qty`) VALUES
(12, 9, 7, 1),
(15, 9, 3, 1),
(20, 118, 24, 1),
(21, 118, 155, 1),
(22, 118, 154, 1),
(23, 118, 3, 1),
(37, 0, 0, 0),
(42, 8, 25, 0),
(43, 8, 23, 0),
(44, 8, 24, 0),
(45, 8, 41, 0),
(46, 8, 156, 0),
(47, 8, 28, 0),
(48, 8, 32, 0),
(49, 8, 3, 0),
(50, 8, 157, 0),
(51, 8, 158, 0),
(52, 9, 159, 0),
(53, 9, 160, 0),
(54, 9, 161, 0),
(55, 8, 162, 0),
(56, 9, 162, 0),
(57, 9, 32, 0),
(58, 11, 163, 0),
(59, 11, 162, 0),
(60, 11, 154, 0),
(61, 11, 32, 0),
(62, 11, 16, 0),
(63, 42, 16, 0),
(64, 42, 164, 0),
(65, 42, 17, 0),
(66, 42, 154, 0),
(67, 42, 32, 0),
(68, 43, 164, 0),
(69, 43, 156, 0),
(70, 43, 16, 0),
(71, 43, 162, 0),
(72, 43, 158, 0),
(73, 43, 154, 0),
(74, 43, 165, 0),
(75, 44, 164, 0),
(76, 44, 166, 0),
(77, 44, 16, 0),
(78, 44, 167, 0),
(79, 44, 156, 0),
(80, 45, 168, 0),
(81, 45, 169, 0),
(82, 45, 170, 0),
(83, 45, 17, 0),
(84, 45, 171, 0),
(85, 45, 162, 0),
(86, 45, 173, 0),
(87, 45, 172, 0),
(88, 46, 28, 0),
(89, 46, 35, 0),
(90, 46, 3, 0),
(91, 46, 171, 0),
(92, 46, 174, 0),
(93, 46, 162, 0),
(94, 47, 163, 0),
(95, 47, 162, 0),
(96, 47, 171, 0),
(97, 47, 32, 0),
(98, 49, 161, 0),
(99, 49, 175, 0),
(100, 49, 3, 0),
(101, 49, 176, 0),
(102, 49, 177, 0),
(103, 49, 178, 0),
(104, 49, 170, 0),
(105, 49, 173, 0),
(106, 49, 32, 0),
(107, 49, 179, 0),
(108, 47, 179, 0),
(109, 50, 161, 0),
(110, 50, 180, 0),
(111, 50, 3, 0),
(112, 50, 176, 0),
(113, 50, 177, 0),
(114, 50, 178, 0),
(115, 50, 170, 0),
(116, 50, 32, 0),
(117, 50, 173, 0),
(118, 50, 179, 0),
(119, 51, 181, 0),
(120, 51, 41, 0),
(121, 51, 183, 0),
(122, 51, 10, 0),
(123, 51, 184, 0),
(124, 51, 170, 0),
(125, 51, 171, 0),
(126, 51, 162, 0),
(127, 51, 30, 0),
(128, 51, 185, 0),
(129, 52, 178, 0),
(130, 52, 160, 0),
(131, 52, 155, 0),
(132, 52, 175, 0),
(133, 52, 28, 0),
(134, 52, 176, 0),
(135, 52, 166, 0),
(136, 53, 179, 0),
(137, 53, 178, 0),
(138, 53, 186, 0),
(139, 53, 173, 0),
(140, 53, 164, 0),
(141, 53, 32, 0),
(142, 53, 166, 0),
(143, 52, 187, 0),
(144, 52, 17, 0),
(145, 53, 17, 0),
(146, 53, 169, 0),
(147, 54, 178, 0),
(148, 54, 190, 0),
(150, 54, 156, 0),
(151, 54, 32, 0),
(152, 54, 176, 0),
(154, 54, 168, 0),
(155, 54, 28, 0),
(156, 54, 3, 0),
(157, 55, 3, 0),
(158, 55, 161, 0),
(159, 55, 174, 0),
(161, 55, 167, 0),
(162, 55, 156, 0),
(164, 56, 192, 0),
(165, 56, 159, 0),
(166, 56, 178, 0),
(167, 56, 164, 0),
(168, 56, 193, 0),
(169, 57, 178, 0),
(170, 57, 176, 0),
(171, 57, 166, 0),
(172, 57, 32, 0),
(173, 57, 164, 0),
(175, 57, 194, 0),
(176, 58, 161, 0),
(177, 58, 195, 0),
(178, 58, 166, 0),
(179, 58, 176, 0),
(180, 58, 35, 0),
(181, 58, 187, 0),
(182, 58, 162, 0),
(183, 59, 166, 0),
(184, 59, 196, 0),
(185, 59, 3, 0),
(186, 59, 190, 0),
(187, 59, 193, 0),
(188, 59, 183, 0),
(189, 59, 194, 0),
(190, 60, 160, 0),
(191, 60, 155, 0),
(192, 60, 178, 0),
(193, 60, 173, 0),
(194, 60, 161, 0),
(195, 60, 166, 0),
(196, 60, 176, 0),
(197, 60, 190, 0),
(198, 60, 179, 0),
(199, 61, 197, 0),
(200, 61, 178, 0),
(201, 61, 161, 0),
(202, 61, 194, 0),
(203, 61, 189, 0),
(204, 61, 162, 0),
(205, 62, 160, 0),
(206, 62, 155, 0),
(207, 62, 166, 0),
(208, 62, 176, 0),
(209, 62, 178, 0),
(210, 62, 161, 0),
(211, 62, 35, 0),
(212, 62, 189, 0),
(213, 62, 198, 0),
(214, 62, 162, 0),
(215, 63, 194, 0),
(216, 63, 197, 0),
(217, 63, 180, 0),
(218, 63, 161, 0),
(219, 63, 178, 0),
(220, 63, 166, 0),
(221, 63, 162, 0),
(222, 64, 160, 0),
(223, 64, 155, 0),
(224, 64, 3, 0),
(225, 64, 199, 0),
(226, 64, 32, 0),
(227, 64, 17, 0),
(228, 64, 16, 0),
(229, 64, 41, 0),
(230, 64, 200, 0),
(231, 64, 201, 0),
(232, 65, 202, 0),
(233, 65, 3, 0),
(234, 65, 38, 0),
(235, 65, 41, 0),
(236, 65, 35, 0),
(237, 65, 31, 0),
(238, 65, 203, 0),
(239, 65, 171, 0),
(240, 66, 164, 0),
(241, 66, 159, 0),
(242, 66, 16, 0),
(243, 66, 41, 0),
(244, 66, 204, 0),
(245, 66, 32, 0),
(246, 66, 199, 0),
(247, 67, 202, 0),
(248, 67, 161, 0),
(249, 67, 178, 0),
(250, 67, 189, 0),
(251, 67, 162, 0),
(252, 67, 193, 0),
(253, 67, 35, 0),
(254, 68, 178, 0),
(255, 68, 205, 0),
(256, 68, 161, 0),
(257, 68, 164, 0),
(258, 68, 159, 0),
(259, 68, 176, 0),
(262, 69, 28, 0),
(263, 69, 194, 0),
(264, 69, 197, 0),
(265, 69, 162, 0),
(266, 69, 193, 0),
(267, 69, 171, 0),
(268, 70, 197, 0),
(269, 70, 161, 0),
(270, 70, 178, 0),
(271, 70, 162, 0),
(272, 70, 186, 0),
(273, 70, 180, 0),
(274, 71, 161, 0),
(275, 71, 178, 0),
(276, 71, 183, 0),
(277, 71, 186, 0),
(278, 71, 173, 0),
(279, 71, 32, 0),
(280, 71, 164, 0),
(281, 71, 156, 0),
(282, 71, 176, 0),
(283, 71, 190, 0),
(284, 71, 35, 0),
(285, 71, 166, 0),
(286, 71, 187, 0),
(287, 71, 17, 0),
(288, 71, 162, 0),
(289, 72, 206, 0),
(290, 72, 164, 0),
(291, 72, 162, 0),
(292, 72, 186, 0),
(293, 72, 161, 0),
(294, 72, 178, 0),
(295, 72, 159, 0),
(297, 73, 166, 0),
(298, 73, 194, 0),
(299, 73, 178, 0),
(300, 73, 161, 0),
(301, 73, 176, 0),
(302, 73, 205, 0),
(303, 74, 207, 0),
(304, 74, 179, 0),
(305, 74, 205, 0),
(306, 74, 173, 0),
(307, 74, 32, 0),
(308, 74, 161, 0),
(309, 74, 178, 0),
(310, 74, 175, 0),
(311, 75, 161, 0),
(312, 75, 178, 0),
(313, 75, 208, 0),
(314, 75, 16, 0),
(315, 75, 209, 0),
(316, 75, 173, 0),
(317, 75, 32, 0),
(318, 75, 35, 0),
(319, 75, 155, 0),
(320, 75, 3, 0),
(321, 75, 189, 0),
(322, 75, 162, 0),
(323, 76, 161, 0),
(324, 76, 178, 0),
(325, 76, 210, 0),
(326, 76, 23, 0),
(327, 76, 156, 0),
(328, 76, 193, 0),
(329, 76, 186, 0),
(330, 76, 189, 0),
(331, 76, 17, 0),
(332, 76, 162, 0),
(333, 77, 178, 0),
(334, 77, 16, 0),
(335, 77, 205, 0),
(336, 77, 173, 0),
(337, 77, 179, 0),
(338, 77, 166, 0),
(339, 77, 164, 0),
(340, 77, 202, 0),
(341, 77, 35, 0),
(342, 77, 187, 0),
(343, 77, 162, 0),
(344, 79, 178, 0),
(345, 79, 161, 0),
(346, 79, 195, 0),
(347, 79, 155, 0),
(348, 79, 3, 0),
(349, 79, 166, 0),
(350, 79, 176, 0),
(351, 79, 35, 0),
(352, 79, 187, 0),
(353, 79, 162, 0),
(354, 80, 3, 0),
(355, 80, 155, 0),
(356, 80, 162, 0),
(357, 80, 160, 0),
(358, 80, 194, 0),
(359, 80, 16, 0),
(360, 80, 32, 0),
(361, 80, 26, 0),
(362, 80, 176, 0),
(363, 80, 187, 0),
(364, 146, 210, 0),
(365, 146, 196, 0),
(366, 146, 179, 0),
(367, 146, 178, 0),
(368, 146, 162, 0),
(369, 146, 171, 0),
(370, 146, 195, 0),
(371, 146, 174, 0),
(372, 146, 21, 0),
(373, 146, 156, 0),
(374, 146, 177, 0),
(375, 146, 189, 0),
(376, 133, 36, 0),
(377, 133, 162, 0),
(378, 133, 25, 0),
(379, 133, 160, 0),
(380, 133, 35, 0),
(381, 133, 156, 0),
(382, 133, 175, 0),
(383, 133, 21, 0),
(384, 133, 28, 0),
(385, 133, 186, 0),
(386, 133, 190, 0),
(387, 133, 187, 0),
(388, 133, 32, 0),
(389, 133, 173, 0),
(390, 133, 41, 0);

-- --------------------------------------------------------

--
-- Table structure for table `cabang`
--

CREATE TABLE `cabang` (
  `kodecabang` varchar(5) NOT NULL,
  `namacabang` varchar(50) NOT NULL,
  `alamat` varchar(50) NOT NULL,
  `kota` varchar(20) NOT NULL,
  `tanggalberdiri` date NOT NULL,
  `nomertelp` varchar(15) NOT NULL,
  `jenis` varchar(10) NOT NULL,
  `status` varchar(10) NOT NULL
) ENGINE=InnoDB DEFAULT CHARSET=utf8mb4;

--
-- Dumping data for table `cabang`
--

INSERT INTO `cabang` (`kodecabang`, `namacabang`, `alamat`, `kota`, `tanggalberdiri`, `nomertelp`, `jenis`, `status`) VALUES
('KC1', 'HACHI-HACHI BISTRO CITRALAND', 'Jl. dummy', 'Surabaya', '2019-08-20', '08193735289', 'GUDANG', 'AKTIF'),
('KC2', 'HACHI-HACHI BISTRO GALAXY MALL', 'Jl. Galaxy Bumi Permai 2', 'Surabaya', '2020-01-02', '0316453938', 'OUTLET', 'AKTIF'),
('KC3', 'HACHI-HACHI BISTRO TP DOWNTOWN', 'Jl. DD', 'Surabaya', '2020-01-02', '0316453938', 'OUTLET', 'AKTIF'),
('KC4', 'HACHI - HACHI BISTRO GRAND CITY', 'JL. MERDEKA 45', 'SURABAYA', '2020-01-02', '0316453938', 'OUTLET', 'AKTIF'),
('KC5', 'HACHI - HACHI BISTRO LENMARC', 'JL. LENMARC', 'SURABAYA', '2020-01-02', '0316453938', 'OUTLET', 'AKTIF'),
('KC6', 'HACHI - HACHI BISTRO EAST COASTS', 'JL. EAST COAST 1 NO.22', 'SURABAYA', '2020-01-02', '0316453938', 'OUTLET', 'AKTIF');

-- --------------------------------------------------------

--
-- Table structure for table `ddistribusi`
--

CREATE TABLE `ddistribusi` (
  `notadetail` int(11) NOT NULL,
  `nomernota` varchar(20) NOT NULL,
  `kodebahan` int(11) NOT NULL,
  `kodesatuan` varchar(5) NOT NULL,
  `qtyasal` int(11) NOT NULL,
  `qtytujuan` int(11) NOT NULL
) ENGINE=InnoDB DEFAULT CHARSET=utf8mb4;

--
-- Dumping data for table `ddistribusi`
--

INSERT INTO `ddistribusi` (`notadetail`, `nomernota`, `kodebahan`, `kodesatuan`, `qtyasal`, `qtytujuan`) VALUES
(1, 'DDIS2020001', 197, 'PCK', 5, 5),
(2, 'DDIS2020001', 179, 'GL', 5, 5),
(3, 'DDIS2020001', 5, 'PCS', 5, 5),
(4, 'DDIS2020002', 197, 'PCK', 5, 5),
(5, 'DDIS2020002', 179, 'GL', 5, 5),
(6, 'DDIS2020002', 5, 'PCS', 5, 5),
(7, 'DDIS2020002', 4, 'PCS', 5, 5),
(8, 'DDIS2020002', 38, 'PCS', 5, 5),
(9, 'DDIS2020002', 39, 'PCS', 5, 5),
(10, 'DDIS2020002', 196, 'PCK', 5, 5),
(11, 'DDIS2020003', 197, 'PCK', 5, 5),
(12, 'DDIS2020003', 179, 'GL', 5, 5),
(13, 'DDIS2020003', 4, 'PCS', 5, 5),
(14, 'DDIS2020003', 5, 'PCS', 5, 5),
(15, 'DDIS2020003', 38, 'PCS', 5, 5),
(16, 'DDIS2020003', 39, 'PCS', 5, 5),
(17, 'DDIS2020003', 196, 'PCK', 5, 5),
(18, 'DDIS2020003', 28, 'GL', 5, 5),
(19, 'DDIS2020003', 29, 'PCS', 5, 5),
(20, 'DDIS2020003', 30, 'GL', 5, 5),
(21, 'DDIS2020004', 197, 'PCK', 5, 5),
(22, 'DDIS2020004', 179, 'GL', 5, 5),
(23, 'DDIS2020004', 5, 'PCS', 5, 5),
(24, 'DDIS2020004', 4, 'PCS', 5, 5),
(25, 'DDIS2020004', 38, 'PCS', 5, 5),
(26, 'DDIS2020004', 39, 'PCS', 5, 5),
(27, 'DDIS2020004', 196, 'PCK', 5, 5),
(28, 'DDIS2020004', 28, 'GL', 5, 5),
(29, 'DDIS2020004', 29, 'PCS', 5, 5),
(30, 'DDIS2020004', 30, 'GL', 5, 5),
(31, 'DDIS2020004', 205, 'PCK', 5, 5),
(32, 'DDIS2020004', 206, 'KG', 5, 5),
(33, 'DDIS2020004', 207, 'KG', 5, 5),
(34, 'DDIS2020004', 3, 'KG', 5, 5),
(35, 'DDIS2020005', 197, 'PCK', 5, 0),
(36, 'DDIS2020005', 179, 'GL', 5, 0),
(37, 'DDIS2020005', 5, 'PCS', 5, 0),
(38, 'DDIS2020005', 4, 'PCS', 5, 0),
(39, 'DDIS2020005', 28, 'GL', 5, 0),
(40, 'DDIS2020005', 38, 'PCS', 5, 0),
(41, 'DDIS2020005', 39, 'PCS', 5, 0),
(42, 'DDIS2020005', 3, 'KG', 5, 0),
(43, 'DDIS2020005', 207, 'KG', 5, 0),
(44, 'DDIS2020005', 196, 'PCK', 5, 0),
(45, 'DDIS2020005', 29, 'PCS', 5, 0),
(46, 'DDIS2020005', 205, 'PCK', 5, 0),
(47, 'DDIS2020005', 206, 'KG', 5, 0),
(48, 'DDIS2021001', 197, 'PCK', 20, 0),
(49, 'DDIS2021002', 197, 'PCK', 8, 6);

-- --------------------------------------------------------

--
-- Table structure for table `detailpaketmenu`
--

CREATE TABLE `detailpaketmenu` (
  `kodedetailpaket` int(11) NOT NULL,
  `kodepaket` varchar(5) NOT NULL,
  `kodebahan` int(11) NOT NULL,
  `hargabahan` int(11) NOT NULL,
  `qty` int(11) NOT NULL
) ENGINE=InnoDB DEFAULT CHARSET=utf8mb4;

--
-- Dumping data for table `detailpaketmenu`
--

INSERT INTO `detailpaketmenu` (`kodedetailpaket`, `kodepaket`, `kodebahan`, `hargabahan`, `qty`) VALUES
(4, 'MRDK1', 8, 43000, 1),
(6, 'MRDK1', 11, 40000, 3),
(11, 'MRDK2', 11, 40000, 1),
(15, 'MRDK2', 9, 35000, 2),
(16, 'MRDK2', 8, 43000, 2),
(17, 'MRDK3', 8, 43000, 1),
(19, 'MRDK5', 8, 54000, 0);

-- --------------------------------------------------------

--
-- Table structure for table `detailsupplier`
--

CREATE TABLE `detailsupplier` (
  `kodedetailsupplier` int(11) NOT NULL,
  `kodesupplier` varchar(5) NOT NULL,
  `kodebahan` int(11) NOT NULL,
  `status` varchar(10) NOT NULL
) ENGINE=InnoDB DEFAULT CHARSET=utf8mb4;

--
-- Dumping data for table `detailsupplier`
--

INSERT INTO `detailsupplier` (`kodedetailsupplier`, `kodesupplier`, `kodebahan`, `status`) VALUES
(1, 'SP1', 4, 'AKTIF'),
(2, 'SP3', 4, 'AKTIF'),
(3, 'SP2', 6, 'AKTIF'),
(4, 'SP2', 6, 'AKTIF'),
(5, 'SP1', 59, 'AKTIF');

-- --------------------------------------------------------

--
-- Table structure for table `djual`
--

CREATE TABLE `djual` (
  `nomernotadetail` int(11) NOT NULL,
  `nomernota` int(11) NOT NULL,
  `kodebahan` int(11) NOT NULL,
  `qty` int(11) NOT NULL,
  `harga` int(11) NOT NULL,
  `subtotal` int(11) NOT NULL,
  `kodepaket` varchar(5) NOT NULL
) ENGINE=InnoDB DEFAULT CHARSET=utf8mb4;

--
-- Dumping data for table `djual`
--

INSERT INTO `djual` (`nomernotadetail`, `nomernota`, `kodebahan`, `qty`, `harga`, `subtotal`, `kodepaket`) VALUES
(1, 8, 8, 1, 54000, 54000, ''),
(2, 9, 8, 4, 54000, 216000, ''),
(3, 10, 8, 1, 54000, 54000, ''),
(4, 10, 11, 1, 40000, 40000, 'MRDK2'),
(5, 10, 9, 1, 35000, 35000, 'MRDK2'),
(6, 10, 8, 1, 43000, 43000, 'MRDK2');

-- --------------------------------------------------------

--
-- Table structure for table `dpembelian`
--

CREATE TABLE `dpembelian` (
  `notadetail` int(11) NOT NULL,
  `nomernota` varchar(20) NOT NULL,
  `kodebahan` int(11) NOT NULL,
  `kodesatuan` varchar(5) NOT NULL,
  `qty` int(11) NOT NULL,
  `hargabeli` int(11) NOT NULL,
  `nilaikonversi` decimal(10,2) NOT NULL
) ENGINE=InnoDB DEFAULT CHARSET=utf8mb4;

--
-- Dumping data for table `dpembelian`
--

INSERT INTO `dpembelian` (`notadetail`, `nomernota`, `kodebahan`, `kodesatuan`, `qty`, `hargabeli`, `nilaikonversi`) VALUES
(1, 'PBS2020002', 197, 'PCK', 50, 45000, '1.00'),
(2, 'PBS2020002', 179, 'GL', 50, 35000, '1.00'),
(3, 'PBS2020002', 4, 'PCS', 50, 30000, '1.00'),
(4, 'PBS2020002', 5, 'PCS', 50, 25000, '1.00'),
(5, 'PBS2020003', 157, 'PCK', 50, 30000, '1.00'),
(6, 'PBS2020003', 191, 'KG', 50, 30000, '1.00'),
(7, 'PBS2020003', 192, 'KG', 50, 3000, '1.00'),
(8, 'PBS2020003', 41, 'KG', 50, 20000, '1.00'),
(9, 'PBS2020003', 7, 'SAK', 10, 300000, '1.00'),
(10, 'PBS2020004', 210, 'KG', 50, 40000, '1.00'),
(11, 'PBS2020004', 206, 'KG', 50, 90000, '1.00'),
(12, 'PBS2020004', 40, 'GL', 50, 68000, '1.00'),
(13, 'PBS2020005', 28, 'GL', 50, 50000, '1.00'),
(14, 'PBS2020005', 157, 'PCK', 50, 30000, '1.00'),
(15, 'PBS2020006', 39, 'PCS', 50, 39000, '1.00'),
(16, 'PBS2020006', 159, 'PCK', 50, 120000, '1.00'),
(17, 'PBS2020006', 38, 'PCS', 50, 25000, '1.00'),
(18, 'PBS2020006', 17, 'PCS', 50, 30000, '1.00'),
(19, 'PBS2020007', 31, 'GL', 100, 30000, '1.00'),
(20, 'PBS2020007', 30, 'GL', 100, 75000, '1.00'),
(21, 'PBS2020007', 10, 'GL', 100, 200000, '1.00'),
(22, 'PBS2020007', 194, 'GL', 100, 70000, '1.00'),
(23, 'PBS2020007', 170, 'PCK', 100, 15000, '1.00'),
(24, 'PBS2020008', 36, 'PCS', 50, 45000, '1.00'),
(25, 'PBS2020008', 163, 'KG', 100, 50000, '1.00'),
(26, 'PBS2020008', 181, 'KG', 100, 60000, '1.00'),
(27, 'PBS2020009', 183, 'PCK', 100, 10000, '1.00'),
(28, 'PBS2020009', 200, 'KG', 30, 8000, '1.00'),
(29, 'PBS2020009', 35, 'PCS', 50, 40000, '1.00'),
(30, 'PBS2020010', 21, 'KG', 100, 37500, '1.00'),
(31, 'PBS2020010', 172, 'PCK', 50, 200500, '1.00'),
(32, 'PBS2020010', 193, 'PCK', 100, 50000, '1.00'),
(33, 'PBS2020011', 162, 'PCK', 50, 40000, '1.00'),
(34, 'PBS2020011', 158, 'KG', 30, 20000, '1.00'),
(35, 'PBS2020011', 182, 'KG', 50, 72000, '1.00'),
(36, 'PBS2020011', 25, 'PCS', 100, 28000, '1.00'),
(37, 'PBS2020011', 3, 'KG', 50, 25500, '1.00'),
(38, 'PBS2020011', 207, 'KG', 50, 36000, '1.00'),
(39, 'PBS2020012', 199, 'GL', 100, 7000, '1.00'),
(40, 'PBS2020013', 29, 'PCS', 50, 27500, '1.00'),
(41, 'PBS2020013', 205, 'PCK', 20, 60000, '1.00'),
(42, 'PBS2020014', 160, 'KG', 50, 60000, '1.00'),
(43, 'PBS2020014', 169, 'KG', 50, 30000, '1.00'),
(44, 'PBS2020014', 176, 'KG', 50, 17000, '1.00'),
(45, 'PBS2020014', 33, 'PCS', 50, 15000, '1.00'),
(46, 'PBS2020015', 186, 'GL', 50, 230000, '1.00'),
(47, 'PBS2020015', 196, 'PCK', 50, 14000, '1.00'),
(48, 'PBS2020015', 173, 'PCK', 40, 25000, '1.00'),
(49, 'PBS2020015', 190, 'PCK', 50, 40000, '1.00'),
(50, 'PBS2020015', 203, 'PCK', 60, 7000, '1.00'),
(51, 'PBS2020016', 27, 'PCS', 50, 15000, '1.00'),
(52, 'PBS2020016', 165, 'KG', 50, 20000, '1.00'),
(53, 'PBS2020016', 167, 'KG', 50, 13000, '1.00'),
(54, 'PBS2020016', 26, 'PCS', 50, 40000, '1.00');

-- --------------------------------------------------------

--
-- Table structure for table `dpenerimaan`
--

CREATE TABLE `dpenerimaan` (
  `notadetail` int(11) NOT NULL,
  `nomernota` varchar(20) NOT NULL,
  `kodebahan` int(11) NOT NULL,
  `kodesatuan` varchar(5) NOT NULL,
  `qtypesan` int(11) NOT NULL,
  `qtyterima` int(11) NOT NULL,
  `hargabeli` int(11) NOT NULL,
  `nilaikonversi` decimal(10,2) NOT NULL
) ENGINE=InnoDB DEFAULT CHARSET=utf8mb4;

--
-- Dumping data for table `dpenerimaan`
--

INSERT INTO `dpenerimaan` (`notadetail`, `nomernota`, `kodebahan`, `kodesatuan`, `qtypesan`, `qtyterima`, `hargabeli`, `nilaikonversi`) VALUES
(1, 'TR2020001', 197, 'PCK', 50, 50, 45000, '1.00'),
(2, 'TR2020001', 179, 'GL', 50, 50, 35000, '1.00'),
(3, 'TR2020001', 4, 'PCS', 50, 50, 30000, '1.00'),
(4, 'TR2020001', 5, 'PCS', 50, 50, 25000, '1.00'),
(5, 'TR2020002', 157, 'PCK', 50, 50, 30000, '1.00'),
(6, 'TR2020002', 191, 'KG', 50, 50, 30000, '1.00'),
(7, 'TR2020002', 192, 'KG', 50, 50, 3000, '1.00'),
(8, 'TR2020002', 41, 'KG', 50, 50, 20000, '1.00'),
(9, 'TR2020002', 7, 'SAK', 10, 10, 300000, '1.00'),
(10, 'TR2020003', 210, 'KG', 50, 50, 40000, '1.00'),
(11, 'TR2020003', 206, 'KG', 50, 50, 90000, '1.00'),
(12, 'TR2020003', 40, 'GL', 50, 50, 68000, '1.00'),
(13, 'TR2020004', 28, 'GL', 50, 50, 50000, '1.00'),
(14, 'TR2020004', 157, 'PCK', 50, 50, 30000, '1.00'),
(15, 'TR2020005', 39, 'PCS', 50, 50, 39000, '1.00'),
(16, 'TR2020005', 159, 'PCK', 50, 50, 120000, '1.00'),
(17, 'TR2020005', 38, 'PCS', 50, 50, 25000, '1.00'),
(18, 'TR2020005', 17, 'PCS', 50, 50, 30000, '1.00'),
(19, 'TR2020006', 31, 'GL', 100, 100, 30000, '1.00'),
(20, 'TR2020006', 30, 'GL', 100, 100, 75000, '1.00'),
(21, 'TR2020006', 10, 'GL', 100, 100, 200000, '1.00'),
(22, 'TR2020006', 194, 'GL', 100, 100, 70000, '1.00'),
(23, 'TR2020006', 170, 'PCK', 100, 100, 15000, '1.00'),
(24, 'TR2020007', 36, 'PCS', 50, 50, 45000, '1.00'),
(25, 'TR2020007', 163, 'KG', 100, 100, 50000, '1.00'),
(26, 'TR2020007', 181, 'KG', 100, 100, 60000, '1.00'),
(27, 'TR2020008', 162, 'PCK', 50, 50, 40000, '1.00'),
(28, 'TR2020008', 158, 'KG', 30, 30, 20000, '1.00'),
(29, 'TR2020008', 182, 'KG', 50, 50, 72000, '1.00'),
(30, 'TR2020008', 25, 'PCS', 100, 100, 28000, '1.00'),
(31, 'TR2020008', 3, 'KG', 50, 50, 25500, '1.00'),
(32, 'TR2020008', 207, 'KG', 50, 50, 36000, '1.00'),
(33, 'TR2020009', 199, 'GL', 100, 100, 7000, '1.00'),
(34, 'TR2020010', 29, 'PCS', 50, 50, 27500, '1.00'),
(35, 'TR2020010', 205, 'PCK', 20, 20, 60000, '1.00'),
(36, 'TR2020011', 186, 'GL', 50, 50, 230000, '1.00'),
(37, 'TR2020011', 196, 'PCK', 50, 50, 14000, '1.00'),
(38, 'TR2020011', 173, 'PCK', 40, 40, 25000, '1.00'),
(39, 'TR2020011', 190, 'PCK', 50, 50, 40000, '1.00'),
(40, 'TR2020011', 203, 'PCK', 60, 60, 7000, '1.00');

-- --------------------------------------------------------

--
-- Table structure for table `dpermintaan`
--

CREATE TABLE `dpermintaan` (
  `notadetail` int(11) NOT NULL,
  `nomernota` varchar(20) NOT NULL,
  `kodebahan` int(11) NOT NULL,
  `kodesatuan` varchar(5) NOT NULL,
  `qtypesan` int(11) NOT NULL
) ENGINE=InnoDB DEFAULT CHARSET=utf8mb4;

--
-- Dumping data for table `dpermintaan`
--

INSERT INTO `dpermintaan` (`notadetail`, `nomernota`, `kodebahan`, `kodesatuan`, `qtypesan`) VALUES
(1, 'HDIS2021001', 197, 'PCK', 10);

-- --------------------------------------------------------

--
-- Table structure for table `hdistribusi`
--

CREATE TABLE `hdistribusi` (
  `nomernota` varchar(20) NOT NULL,
  `tanggal` date NOT NULL,
  `kodecabangasal` varchar(5) NOT NULL,
  `kodecabangtujuan` varchar(5) NOT NULL,
  `status` varchar(10) NOT NULL
) ENGINE=InnoDB DEFAULT CHARSET=utf8mb4;

--
-- Dumping data for table `hdistribusi`
--

INSERT INTO `hdistribusi` (`nomernota`, `tanggal`, `kodecabangasal`, `kodecabangtujuan`, `status`) VALUES
('DDIS2020001', '2020-12-09', 'KC1', 'KC2', 'DITERIMA'),
('DDIS2020002', '2020-12-09', 'KC1', 'KC3', 'DITERIMA'),
('DDIS2020003', '2020-12-09', 'KC1', 'KC4', 'DITERIMA'),
('DDIS2020004', '2020-12-09', 'KC1', 'KC5', 'DITERIMA'),
('DDIS2020005', '2020-12-09', 'KC1', 'KC6', 'TERKIRIM'),
('DDIS2021001', '2021-05-15', 'KC1', 'KC2', 'TERKIRIM'),
('DDIS2021002', '2021-05-15', 'KC1', 'KC3', 'DITERIMA');

-- --------------------------------------------------------

--
-- Table structure for table `hjual`
--

CREATE TABLE `hjual` (
  `nomernota` int(11) NOT NULL,
  `tanggal` date NOT NULL,
  `username` varchar(11) NOT NULL,
  `kodecabang` varchar(5) NOT NULL,
  `kodemember` varchar(8) NOT NULL,
  `grandtotal` int(11) NOT NULL,
  `nomermeja` varchar(5) NOT NULL
) ENGINE=InnoDB DEFAULT CHARSET=utf8mb4;

--
-- Dumping data for table `hjual`
--

INSERT INTO `hjual` (`nomernota`, `tanggal`, `username`, `kodecabang`, `kodemember`, `grandtotal`, `nomermeja`) VALUES
(8, '2021-05-09', 'felixdjaja', 'KC1', 'M0001', 54000, ''),
(9, '2021-05-09', 'felixdjaja', 'KC1', 'M0001', 216000, ''),
(10, '2021-05-17', 'felixdjaja', 'KC1', 'M0001', 134000, '');

-- --------------------------------------------------------

--
-- Table structure for table `hpembelian`
--

CREATE TABLE `hpembelian` (
  `nomernota` varchar(20) NOT NULL,
  `tanggal` date NOT NULL,
  `kodesupplier` varchar(5) NOT NULL,
  `subtotal` int(11) NOT NULL,
  `status` varchar(10) NOT NULL
) ENGINE=InnoDB DEFAULT CHARSET=utf8mb4;

--
-- Dumping data for table `hpembelian`
--

INSERT INTO `hpembelian` (`nomernota`, `tanggal`, `kodesupplier`, `subtotal`, `status`) VALUES
('PBS2020001', '2020-12-01', 'SP006', 0, 'AKTIF'),
('PBS2020002', '2020-12-05', 'SP006', 6750000, 'DITERIMA'),
('PBS2020003', '2020-12-05', 'SP007', 7150000, 'DITERIMA'),
('PBS2020004', '2020-12-05', 'SP008', 9900000, 'DITERIMA'),
('PBS2020005', '2020-12-05', 'SP006', 4000000, 'DITERIMA'),
('PBS2020006', '2020-12-05', 'SP004', 10700000, 'DITERIMA'),
('PBS2020007', '2020-12-05', 'SP002', 39000000, 'DITERIMA'),
('PBS2020008', '2020-12-05', 'SP009', 13250000, 'DITERIMA'),
('PBS2020009', '2020-12-05', 'SP003', 3240000, 'AKTIF'),
('PBS2020010', '2020-12-05', 'SP001', 18775000, 'AKTIF'),
('PBS2020011', '2020-12-08', 'SP001', 12075000, 'DITERIMA'),
('PBS2020012', '2020-12-08', 'SP003', 700000, 'DITERIMA'),
('PBS2020013', '2020-12-08', 'SP009', 2575000, 'DITERIMA'),
('PBS2020014', '2020-12-08', 'SP004', 6100000, 'AKTIF'),
('PBS2020015', '2020-12-08', 'SP008', 15620000, 'DITERIMA'),
('PBS2020016', '2020-12-08', 'SP009', 4400000, 'AKTIF');

-- --------------------------------------------------------

--
-- Table structure for table `hpenerimaan`
--

CREATE TABLE `hpenerimaan` (
  `nomernota` varchar(20) NOT NULL,
  `nomernotapemesanan` varchar(20) NOT NULL,
  `tanggal` date NOT NULL,
  `kodesupplier` varchar(5) NOT NULL,
  `status` varchar(10) NOT NULL
) ENGINE=InnoDB DEFAULT CHARSET=utf8mb4;

--
-- Dumping data for table `hpenerimaan`
--

INSERT INTO `hpenerimaan` (`nomernota`, `nomernotapemesanan`, `tanggal`, `kodesupplier`, `status`) VALUES
('TR2020001', 'PBS2020002', '2020-12-05', 'SP006', 'AKTIF'),
('TR2020002', 'PBS2020003', '2020-12-05', 'SP007', 'AKTIF'),
('TR2020003', 'PBS2020004', '2020-12-05', 'SP008', 'AKTIF'),
('TR2020004', 'PBS2020005', '2020-12-05', 'SP006', 'AKTIF'),
('TR2020005', 'PBS2020006', '2020-12-05', 'SP004', 'AKTIF'),
('TR2020006', 'PBS2020007', '2020-12-05', 'SP002', 'AKTIF'),
('TR2020007', 'PBS2020008', '2020-12-05', 'SP009', 'AKTIF'),
('TR2020008', 'PBS2020011', '2020-12-08', 'SP001', 'AKTIF'),
('TR2020009', 'PBS2020012', '2020-12-08', 'SP003', 'AKTIF'),
('TR2020010', 'PBS2020013', '2020-12-08', 'SP009', 'AKTIF'),
('TR2020011', 'PBS2020015', '2020-12-08', 'SP008', 'AKTIF');

-- --------------------------------------------------------

--
-- Table structure for table `hpermintaan`
--

CREATE TABLE `hpermintaan` (
  `nomernota` varchar(20) NOT NULL,
  `tanggal` date NOT NULL,
  `kodecabang` varchar(5) NOT NULL,
  `status` varchar(10) NOT NULL
) ENGINE=InnoDB DEFAULT CHARSET=utf8mb4;

--
-- Dumping data for table `hpermintaan`
--

INSERT INTO `hpermintaan` (`nomernota`, `tanggal`, `kodecabang`, `status`) VALUES
('HDIS2021001', '2021-05-15', 'KC3', 'SUKSES');

-- --------------------------------------------------------

--
-- Table structure for table `kartustok`
--

CREATE TABLE `kartustok` (
  `kodekartustok` int(11) NOT NULL,
  `tanggal` date NOT NULL,
  `kodecabang` varchar(5) NOT NULL,
  `kodebahan` varchar(5) NOT NULL,
  `jenis` varchar(15) NOT NULL,
  `noref` varchar(20) NOT NULL,
  `stokawal` int(11) NOT NULL,
  `debet` int(11) NOT NULL,
  `kredit` int(11) NOT NULL,
  `stokakhir` int(11) NOT NULL,
  `hargatrans` int(11) NOT NULL,
  `hargaavg` int(11) NOT NULL
) ENGINE=InnoDB DEFAULT CHARSET=utf8mb4;

--
-- Dumping data for table `kartustok`
--

INSERT INTO `kartustok` (`kodekartustok`, `tanggal`, `kodecabang`, `kodebahan`, `jenis`, `noref`, `stokawal`, `debet`, `kredit`, `stokakhir`, `hargatrans`, `hargaavg`) VALUES
(1, '2020-12-01', 'KC1', '3', 'INIT', '-', 0, 0, 0, 0, 0, 0),
(2, '2020-12-01', 'KC2', '3', 'INIT', '-', 0, 0, 0, 0, 0, 0),
(3, '2020-12-01', 'KC3', '3', 'INIT', '-', 0, 0, 0, 0, 0, 0),
(4, '2020-12-01', 'KC4', '3', 'INIT', '-', 0, 0, 0, 0, 0, 0),
(5, '2020-12-01', 'KC5', '3', 'INIT', '-', 0, 0, 0, 0, 0, 0),
(6, '2020-12-01', 'KC6', '3', 'INIT', '-', 0, 0, 0, 0, 0, 0),
(7, '2020-12-01', 'KC1', '4', 'INIT', '-', 0, 0, 0, 0, 0, 0),
(8, '2020-12-01', 'KC2', '4', 'INIT', '-', 0, 0, 0, 0, 0, 0),
(9, '2020-12-01', 'KC3', '4', 'INIT', '-', 0, 0, 0, 0, 0, 0),
(10, '2020-12-01', 'KC4', '4', 'INIT', '-', 0, 0, 0, 0, 0, 0),
(11, '2020-12-01', 'KC5', '4', 'INIT', '-', 0, 0, 0, 0, 0, 0),
(12, '2020-12-01', 'KC6', '4', 'INIT', '-', 0, 0, 0, 0, 0, 0),
(13, '2020-12-01', 'KC1', '5', 'INIT', '-', 0, 0, 0, 0, 0, 0),
(14, '2020-12-01', 'KC2', '5', 'INIT', '-', 0, 0, 0, 0, 0, 0),
(15, '2020-12-01', 'KC3', '5', 'INIT', '-', 0, 0, 0, 0, 0, 0),
(16, '2020-12-01', 'KC4', '5', 'INIT', '-', 0, 0, 0, 0, 0, 0),
(17, '2020-12-01', 'KC5', '5', 'INIT', '-', 0, 0, 0, 0, 0, 0),
(18, '2020-12-01', 'KC6', '5', 'INIT', '-', 0, 0, 0, 0, 0, 0),
(19, '2020-12-01', 'KC1', '6', 'INIT', '-', 0, 0, 0, 0, 0, 0),
(20, '2020-12-01', 'KC2', '6', 'INIT', '-', 0, 0, 0, 0, 0, 0),
(21, '2020-12-01', 'KC3', '6', 'INIT', '-', 0, 0, 0, 0, 0, 0),
(22, '2020-12-01', 'KC4', '6', 'INIT', '-', 0, 0, 0, 0, 0, 0),
(23, '2020-12-01', 'KC5', '6', 'INIT', '-', 0, 0, 0, 0, 0, 0),
(24, '2020-12-01', 'KC6', '6', 'INIT', '-', 0, 0, 0, 0, 0, 0),
(25, '2020-12-01', 'KC1', '7', 'INIT', '-', 0, 0, 0, 0, 0, 0),
(26, '2020-12-01', 'KC2', '7', 'INIT', '-', 0, 0, 0, 0, 0, 0),
(27, '2020-12-01', 'KC3', '7', 'INIT', '-', 0, 0, 0, 0, 0, 0),
(28, '2020-12-01', 'KC4', '7', 'INIT', '-', 0, 0, 0, 0, 0, 0),
(29, '2020-12-01', 'KC5', '7', 'INIT', '-', 0, 0, 0, 0, 0, 0),
(30, '2020-12-01', 'KC6', '7', 'INIT', '-', 0, 0, 0, 0, 0, 0),
(31, '2020-12-01', 'KC1', '8', 'INIT', '-', 0, 0, 0, 0, 0, 0),
(32, '2020-12-01', 'KC2', '8', 'INIT', '-', 0, 0, 0, 0, 0, 0),
(33, '2020-12-01', 'KC3', '8', 'INIT', '-', 0, 0, 0, 0, 0, 0),
(34, '2020-12-01', 'KC4', '8', 'INIT', '-', 0, 0, 0, 0, 0, 0),
(35, '2020-12-01', 'KC5', '8', 'INIT', '-', 0, 0, 0, 0, 0, 0),
(36, '2020-12-01', 'KC6', '8', 'INIT', '-', 0, 0, 0, 0, 0, 0),
(37, '2020-12-01', 'KC1', '9', 'INIT', '-', 0, 0, 0, 0, 0, 0),
(38, '2020-12-01', 'KC2', '9', 'INIT', '-', 0, 0, 0, 0, 0, 0),
(39, '2020-12-01', 'KC3', '9', 'INIT', '-', 0, 0, 0, 0, 0, 0),
(40, '2020-12-01', 'KC4', '9', 'INIT', '-', 0, 0, 0, 0, 0, 0),
(41, '2020-12-01', 'KC5', '9', 'INIT', '-', 0, 0, 0, 0, 0, 0),
(42, '2020-12-01', 'KC6', '9', 'INIT', '-', 0, 0, 0, 0, 0, 0),
(43, '2020-12-01', 'KC1', '10', 'INIT', '-', 0, 0, 0, 0, 0, 0),
(44, '2020-12-01', 'KC2', '10', 'INIT', '-', 0, 0, 0, 0, 0, 0),
(45, '2020-12-01', 'KC3', '10', 'INIT', '-', 0, 0, 0, 0, 0, 0),
(46, '2020-12-01', 'KC4', '10', 'INIT', '-', 0, 0, 0, 0, 0, 0),
(47, '2020-12-01', 'KC5', '10', 'INIT', '-', 0, 0, 0, 0, 0, 0),
(48, '2020-12-01', 'KC6', '10', 'INIT', '-', 0, 0, 0, 0, 0, 0),
(49, '2020-12-01', 'KC1', '11', 'INIT', '-', 0, 0, 0, 0, 0, 0),
(50, '2020-12-01', 'KC2', '11', 'INIT', '-', 0, 0, 0, 0, 0, 0),
(51, '2020-12-01', 'KC3', '11', 'INIT', '-', 0, 0, 0, 0, 0, 0),
(52, '2020-12-01', 'KC4', '11', 'INIT', '-', 0, 0, 0, 0, 0, 0),
(53, '2020-12-01', 'KC5', '11', 'INIT', '-', 0, 0, 0, 0, 0, 0),
(54, '2020-12-01', 'KC6', '11', 'INIT', '-', 0, 0, 0, 0, 0, 0),
(55, '2020-12-01', 'KC1', '16', 'INIT', '-', 0, 0, 0, 0, 0, 0),
(56, '2020-12-01', 'KC2', '16', 'INIT', '-', 0, 0, 0, 0, 0, 0),
(57, '2020-12-01', 'KC3', '16', 'INIT', '-', 0, 0, 0, 0, 0, 0),
(58, '2020-12-01', 'KC4', '16', 'INIT', '-', 0, 0, 0, 0, 0, 0),
(59, '2020-12-01', 'KC5', '16', 'INIT', '-', 0, 0, 0, 0, 0, 0),
(60, '2020-12-01', 'KC6', '16', 'INIT', '-', 0, 0, 0, 0, 0, 0),
(61, '2020-12-01', 'KC1', '17', 'INIT', '-', 0, 0, 0, 0, 0, 0),
(62, '2020-12-01', 'KC2', '17', 'INIT', '-', 0, 0, 0, 0, 0, 0),
(63, '2020-12-01', 'KC3', '17', 'INIT', '-', 0, 0, 0, 0, 0, 0),
(64, '2020-12-01', 'KC4', '17', 'INIT', '-', 0, 0, 0, 0, 0, 0),
(65, '2020-12-01', 'KC5', '17', 'INIT', '-', 0, 0, 0, 0, 0, 0),
(66, '2020-12-01', 'KC6', '17', 'INIT', '-', 0, 0, 0, 0, 0, 0),
(67, '2020-12-01', 'KC1', '21', 'INIT', '-', 0, 0, 0, 0, 0, 0),
(68, '2020-12-01', 'KC2', '21', 'INIT', '-', 0, 0, 0, 0, 0, 0),
(69, '2020-12-01', 'KC3', '21', 'INIT', '-', 0, 0, 0, 0, 0, 0),
(70, '2020-12-01', 'KC4', '21', 'INIT', '-', 0, 0, 0, 0, 0, 0),
(71, '2020-12-01', 'KC5', '21', 'INIT', '-', 0, 0, 0, 0, 0, 0),
(72, '2020-12-01', 'KC6', '21', 'INIT', '-', 0, 0, 0, 0, 0, 0),
(73, '2020-12-01', 'KC1', '23', 'INIT', '-', 0, 0, 0, 0, 0, 0),
(74, '2020-12-01', 'KC2', '23', 'INIT', '-', 0, 0, 0, 0, 0, 0),
(75, '2020-12-01', 'KC3', '23', 'INIT', '-', 0, 0, 0, 0, 0, 0),
(76, '2020-12-01', 'KC4', '23', 'INIT', '-', 0, 0, 0, 0, 0, 0),
(77, '2020-12-01', 'KC5', '23', 'INIT', '-', 0, 0, 0, 0, 0, 0),
(78, '2020-12-01', 'KC6', '23', 'INIT', '-', 0, 0, 0, 0, 0, 0),
(79, '2020-12-01', 'KC1', '24', 'INIT', '-', 0, 0, 0, 0, 0, 0),
(80, '2020-12-01', 'KC2', '24', 'INIT', '-', 0, 0, 0, 0, 0, 0),
(81, '2020-12-01', 'KC3', '24', 'INIT', '-', 0, 0, 0, 0, 0, 0),
(82, '2020-12-01', 'KC4', '24', 'INIT', '-', 0, 0, 0, 0, 0, 0),
(83, '2020-12-01', 'KC5', '24', 'INIT', '-', 0, 0, 0, 0, 0, 0),
(84, '2020-12-01', 'KC6', '24', 'INIT', '-', 0, 0, 0, 0, 0, 0),
(85, '2020-12-01', 'KC1', '25', 'INIT', '-', 0, 0, 0, 0, 0, 0),
(86, '2020-12-01', 'KC2', '25', 'INIT', '-', 0, 0, 0, 0, 0, 0),
(87, '2020-12-01', 'KC3', '25', 'INIT', '-', 0, 0, 0, 0, 0, 0),
(88, '2020-12-01', 'KC4', '25', 'INIT', '-', 0, 0, 0, 0, 0, 0),
(89, '2020-12-01', 'KC5', '25', 'INIT', '-', 0, 0, 0, 0, 0, 0),
(90, '2020-12-01', 'KC6', '25', 'INIT', '-', 0, 0, 0, 0, 0, 0),
(91, '2020-12-01', 'KC1', '26', 'INIT', '-', 0, 0, 0, 0, 0, 0),
(92, '2020-12-01', 'KC2', '26', 'INIT', '-', 0, 0, 0, 0, 0, 0),
(93, '2020-12-01', 'KC3', '26', 'INIT', '-', 0, 0, 0, 0, 0, 0),
(94, '2020-12-01', 'KC4', '26', 'INIT', '-', 0, 0, 0, 0, 0, 0),
(95, '2020-12-01', 'KC5', '26', 'INIT', '-', 0, 0, 0, 0, 0, 0),
(96, '2020-12-01', 'KC6', '26', 'INIT', '-', 0, 0, 0, 0, 0, 0),
(97, '2020-12-01', 'KC1', '27', 'INIT', '-', 0, 0, 0, 0, 0, 0),
(98, '2020-12-01', 'KC2', '27', 'INIT', '-', 0, 0, 0, 0, 0, 0),
(99, '2020-12-01', 'KC3', '27', 'INIT', '-', 0, 0, 0, 0, 0, 0),
(100, '2020-12-01', 'KC4', '27', 'INIT', '-', 0, 0, 0, 0, 0, 0),
(101, '2020-12-01', 'KC5', '27', 'INIT', '-', 0, 0, 0, 0, 0, 0),
(102, '2020-12-01', 'KC6', '27', 'INIT', '-', 0, 0, 0, 0, 0, 0),
(103, '2020-12-01', 'KC1', '28', 'INIT', '-', 0, 0, 0, 0, 0, 0),
(104, '2020-12-01', 'KC2', '28', 'INIT', '-', 0, 0, 0, 0, 0, 0),
(105, '2020-12-01', 'KC3', '28', 'INIT', '-', 0, 0, 0, 0, 0, 0),
(106, '2020-12-01', 'KC4', '28', 'INIT', '-', 0, 0, 0, 0, 0, 0),
(107, '2020-12-01', 'KC5', '28', 'INIT', '-', 0, 0, 0, 0, 0, 0),
(108, '2020-12-01', 'KC6', '28', 'INIT', '-', 0, 0, 0, 0, 0, 0),
(109, '2020-12-01', 'KC1', '29', 'INIT', '-', 0, 0, 0, 0, 0, 0),
(110, '2020-12-01', 'KC2', '29', 'INIT', '-', 0, 0, 0, 0, 0, 0),
(111, '2020-12-01', 'KC3', '29', 'INIT', '-', 0, 0, 0, 0, 0, 0),
(112, '2020-12-01', 'KC4', '29', 'INIT', '-', 0, 0, 0, 0, 0, 0),
(113, '2020-12-01', 'KC5', '29', 'INIT', '-', 0, 0, 0, 0, 0, 0),
(114, '2020-12-01', 'KC6', '29', 'INIT', '-', 0, 0, 0, 0, 0, 0),
(115, '2020-12-01', 'KC1', '30', 'INIT', '-', 0, 0, 0, 0, 0, 0),
(116, '2020-12-01', 'KC2', '30', 'INIT', '-', 0, 0, 0, 0, 0, 0),
(117, '2020-12-01', 'KC3', '30', 'INIT', '-', 0, 0, 0, 0, 0, 0),
(118, '2020-12-01', 'KC4', '30', 'INIT', '-', 0, 0, 0, 0, 0, 0),
(119, '2020-12-01', 'KC5', '30', 'INIT', '-', 0, 0, 0, 0, 0, 0),
(120, '2020-12-01', 'KC6', '30', 'INIT', '-', 0, 0, 0, 0, 0, 0),
(121, '2020-12-01', 'KC1', '31', 'INIT', '-', 0, 0, 0, 0, 0, 0),
(122, '2020-12-01', 'KC2', '31', 'INIT', '-', 0, 0, 0, 0, 0, 0),
(123, '2020-12-01', 'KC3', '31', 'INIT', '-', 0, 0, 0, 0, 0, 0),
(124, '2020-12-01', 'KC4', '31', 'INIT', '-', 0, 0, 0, 0, 0, 0),
(125, '2020-12-01', 'KC5', '31', 'INIT', '-', 0, 0, 0, 0, 0, 0),
(126, '2020-12-01', 'KC6', '31', 'INIT', '-', 0, 0, 0, 0, 0, 0),
(127, '2020-12-01', 'KC1', '32', 'INIT', '-', 0, 0, 0, 0, 0, 0),
(128, '2020-12-01', 'KC2', '32', 'INIT', '-', 0, 0, 0, 0, 0, 0),
(129, '2020-12-01', 'KC3', '32', 'INIT', '-', 0, 0, 0, 0, 0, 0),
(130, '2020-12-01', 'KC4', '32', 'INIT', '-', 0, 0, 0, 0, 0, 0),
(131, '2020-12-01', 'KC5', '32', 'INIT', '-', 0, 0, 0, 0, 0, 0),
(132, '2020-12-01', 'KC6', '32', 'INIT', '-', 0, 0, 0, 0, 0, 0),
(133, '2020-12-01', 'KC1', '33', 'INIT', '-', 0, 0, 0, 0, 0, 0),
(134, '2020-12-01', 'KC2', '33', 'INIT', '-', 0, 0, 0, 0, 0, 0),
(135, '2020-12-01', 'KC3', '33', 'INIT', '-', 0, 0, 0, 0, 0, 0),
(136, '2020-12-01', 'KC4', '33', 'INIT', '-', 0, 0, 0, 0, 0, 0),
(137, '2020-12-01', 'KC5', '33', 'INIT', '-', 0, 0, 0, 0, 0, 0),
(138, '2020-12-01', 'KC6', '33', 'INIT', '-', 0, 0, 0, 0, 0, 0),
(139, '2020-12-01', 'KC1', '34', 'INIT', '-', 0, 0, 0, 0, 0, 0),
(140, '2020-12-01', 'KC2', '34', 'INIT', '-', 0, 0, 0, 0, 0, 0),
(141, '2020-12-01', 'KC3', '34', 'INIT', '-', 0, 0, 0, 0, 0, 0),
(142, '2020-12-01', 'KC4', '34', 'INIT', '-', 0, 0, 0, 0, 0, 0),
(143, '2020-12-01', 'KC5', '34', 'INIT', '-', 0, 0, 0, 0, 0, 0),
(144, '2020-12-01', 'KC6', '34', 'INIT', '-', 0, 0, 0, 0, 0, 0),
(145, '2020-12-01', 'KC1', '35', 'INIT', '-', 0, 0, 0, 0, 0, 0),
(146, '2020-12-01', 'KC2', '35', 'INIT', '-', 0, 0, 0, 0, 0, 0),
(147, '2020-12-01', 'KC3', '35', 'INIT', '-', 0, 0, 0, 0, 0, 0),
(148, '2020-12-01', 'KC4', '35', 'INIT', '-', 0, 0, 0, 0, 0, 0),
(149, '2020-12-01', 'KC5', '35', 'INIT', '-', 0, 0, 0, 0, 0, 0),
(150, '2020-12-01', 'KC6', '35', 'INIT', '-', 0, 0, 0, 0, 0, 0),
(151, '2020-12-01', 'KC1', '36', 'INIT', '-', 0, 0, 0, 0, 0, 0),
(152, '2020-12-01', 'KC2', '36', 'INIT', '-', 0, 0, 0, 0, 0, 0),
(153, '2020-12-01', 'KC3', '36', 'INIT', '-', 0, 0, 0, 0, 0, 0),
(154, '2020-12-01', 'KC4', '36', 'INIT', '-', 0, 0, 0, 0, 0, 0),
(155, '2020-12-01', 'KC5', '36', 'INIT', '-', 0, 0, 0, 0, 0, 0),
(156, '2020-12-01', 'KC6', '36', 'INIT', '-', 0, 0, 0, 0, 0, 0),
(157, '2020-12-01', 'KC1', '37', 'INIT', '-', 0, 0, 0, 0, 0, 0),
(158, '2020-12-01', 'KC2', '37', 'INIT', '-', 0, 0, 0, 0, 0, 0),
(159, '2020-12-01', 'KC3', '37', 'INIT', '-', 0, 0, 0, 0, 0, 0),
(160, '2020-12-01', 'KC4', '37', 'INIT', '-', 0, 0, 0, 0, 0, 0),
(161, '2020-12-01', 'KC5', '37', 'INIT', '-', 0, 0, 0, 0, 0, 0),
(162, '2020-12-01', 'KC6', '37', 'INIT', '-', 0, 0, 0, 0, 0, 0),
(163, '2020-12-01', 'KC1', '38', 'INIT', '-', 0, 0, 0, 0, 0, 0),
(164, '2020-12-01', 'KC2', '38', 'INIT', '-', 0, 0, 0, 0, 0, 0),
(165, '2020-12-01', 'KC3', '38', 'INIT', '-', 0, 0, 0, 0, 0, 0),
(166, '2020-12-01', 'KC4', '38', 'INIT', '-', 0, 0, 0, 0, 0, 0),
(167, '2020-12-01', 'KC5', '38', 'INIT', '-', 0, 0, 0, 0, 0, 0),
(168, '2020-12-01', 'KC6', '38', 'INIT', '-', 0, 0, 0, 0, 0, 0),
(169, '2020-12-01', 'KC1', '39', 'INIT', '-', 0, 0, 0, 0, 0, 0),
(170, '2020-12-01', 'KC2', '39', 'INIT', '-', 0, 0, 0, 0, 0, 0),
(171, '2020-12-01', 'KC3', '39', 'INIT', '-', 0, 0, 0, 0, 0, 0),
(172, '2020-12-01', 'KC4', '39', 'INIT', '-', 0, 0, 0, 0, 0, 0),
(173, '2020-12-01', 'KC5', '39', 'INIT', '-', 0, 0, 0, 0, 0, 0),
(174, '2020-12-01', 'KC6', '39', 'INIT', '-', 0, 0, 0, 0, 0, 0),
(175, '2020-12-01', 'KC1', '40', 'INIT', '-', 0, 0, 0, 0, 0, 0),
(176, '2020-12-01', 'KC2', '40', 'INIT', '-', 0, 0, 0, 0, 0, 0),
(177, '2020-12-01', 'KC3', '40', 'INIT', '-', 0, 0, 0, 0, 0, 0),
(178, '2020-12-01', 'KC4', '40', 'INIT', '-', 0, 0, 0, 0, 0, 0),
(179, '2020-12-01', 'KC5', '40', 'INIT', '-', 0, 0, 0, 0, 0, 0),
(180, '2020-12-01', 'KC6', '40', 'INIT', '-', 0, 0, 0, 0, 0, 0),
(181, '2020-12-01', 'KC1', '41', 'INIT', '-', 0, 0, 0, 0, 0, 0),
(182, '2020-12-01', 'KC2', '41', 'INIT', '-', 0, 0, 0, 0, 0, 0),
(183, '2020-12-01', 'KC3', '41', 'INIT', '-', 0, 0, 0, 0, 0, 0),
(184, '2020-12-01', 'KC4', '41', 'INIT', '-', 0, 0, 0, 0, 0, 0),
(185, '2020-12-01', 'KC5', '41', 'INIT', '-', 0, 0, 0, 0, 0, 0),
(186, '2020-12-01', 'KC6', '41', 'INIT', '-', 0, 0, 0, 0, 0, 0),
(187, '2020-12-01', 'KC1', '42', 'INIT', '-', 0, 0, 0, 0, 0, 0),
(188, '2020-12-01', 'KC2', '42', 'INIT', '-', 0, 0, 0, 0, 0, 0),
(189, '2020-12-01', 'KC3', '42', 'INIT', '-', 0, 0, 0, 0, 0, 0),
(190, '2020-12-01', 'KC4', '42', 'INIT', '-', 0, 0, 0, 0, 0, 0),
(191, '2020-12-01', 'KC5', '42', 'INIT', '-', 0, 0, 0, 0, 0, 0),
(192, '2020-12-01', 'KC6', '42', 'INIT', '-', 0, 0, 0, 0, 0, 0),
(193, '2020-12-01', 'KC1', '43', 'INIT', '-', 0, 0, 0, 0, 0, 0),
(194, '2020-12-01', 'KC2', '43', 'INIT', '-', 0, 0, 0, 0, 0, 0),
(195, '2020-12-01', 'KC3', '43', 'INIT', '-', 0, 0, 0, 0, 0, 0),
(196, '2020-12-01', 'KC4', '43', 'INIT', '-', 0, 0, 0, 0, 0, 0),
(197, '2020-12-01', 'KC5', '43', 'INIT', '-', 0, 0, 0, 0, 0, 0),
(198, '2020-12-01', 'KC6', '43', 'INIT', '-', 0, 0, 0, 0, 0, 0),
(199, '2020-12-01', 'KC1', '44', 'INIT', '-', 0, 0, 0, 0, 0, 0),
(200, '2020-12-01', 'KC2', '44', 'INIT', '-', 0, 0, 0, 0, 0, 0),
(201, '2020-12-01', 'KC3', '44', 'INIT', '-', 0, 0, 0, 0, 0, 0),
(202, '2020-12-01', 'KC4', '44', 'INIT', '-', 0, 0, 0, 0, 0, 0),
(203, '2020-12-01', 'KC5', '44', 'INIT', '-', 0, 0, 0, 0, 0, 0),
(204, '2020-12-01', 'KC6', '44', 'INIT', '-', 0, 0, 0, 0, 0, 0),
(205, '2020-12-01', 'KC1', '45', 'INIT', '-', 0, 0, 0, 0, 0, 0),
(206, '2020-12-01', 'KC2', '45', 'INIT', '-', 0, 0, 0, 0, 0, 0),
(207, '2020-12-01', 'KC3', '45', 'INIT', '-', 0, 0, 0, 0, 0, 0),
(208, '2020-12-01', 'KC4', '45', 'INIT', '-', 0, 0, 0, 0, 0, 0),
(209, '2020-12-01', 'KC5', '45', 'INIT', '-', 0, 0, 0, 0, 0, 0),
(210, '2020-12-01', 'KC6', '45', 'INIT', '-', 0, 0, 0, 0, 0, 0),
(211, '2020-12-01', 'KC1', '46', 'INIT', '-', 0, 0, 0, 0, 0, 0),
(212, '2020-12-01', 'KC2', '46', 'INIT', '-', 0, 0, 0, 0, 0, 0),
(213, '2020-12-01', 'KC3', '46', 'INIT', '-', 0, 0, 0, 0, 0, 0),
(214, '2020-12-01', 'KC4', '46', 'INIT', '-', 0, 0, 0, 0, 0, 0),
(215, '2020-12-01', 'KC5', '46', 'INIT', '-', 0, 0, 0, 0, 0, 0),
(216, '2020-12-01', 'KC6', '46', 'INIT', '-', 0, 0, 0, 0, 0, 0),
(217, '2020-12-01', 'KC1', '47', 'INIT', '-', 0, 0, 0, 0, 0, 0),
(218, '2020-12-01', 'KC2', '47', 'INIT', '-', 0, 0, 0, 0, 0, 0),
(219, '2020-12-01', 'KC3', '47', 'INIT', '-', 0, 0, 0, 0, 0, 0),
(220, '2020-12-01', 'KC4', '47', 'INIT', '-', 0, 0, 0, 0, 0, 0),
(221, '2020-12-01', 'KC5', '47', 'INIT', '-', 0, 0, 0, 0, 0, 0),
(222, '2020-12-01', 'KC6', '47', 'INIT', '-', 0, 0, 0, 0, 0, 0),
(223, '2020-12-01', 'KC1', '48', 'INIT', '-', 0, 0, 0, 0, 0, 0),
(224, '2020-12-01', 'KC2', '48', 'INIT', '-', 0, 0, 0, 0, 0, 0),
(225, '2020-12-01', 'KC3', '48', 'INIT', '-', 0, 0, 0, 0, 0, 0),
(226, '2020-12-01', 'KC4', '48', 'INIT', '-', 0, 0, 0, 0, 0, 0),
(227, '2020-12-01', 'KC5', '48', 'INIT', '-', 0, 0, 0, 0, 0, 0),
(228, '2020-12-01', 'KC6', '48', 'INIT', '-', 0, 0, 0, 0, 0, 0),
(229, '2020-12-01', 'KC1', '49', 'INIT', '-', 0, 0, 0, 0, 0, 0),
(230, '2020-12-01', 'KC2', '49', 'INIT', '-', 0, 0, 0, 0, 0, 0),
(231, '2020-12-01', 'KC3', '49', 'INIT', '-', 0, 0, 0, 0, 0, 0),
(232, '2020-12-01', 'KC4', '49', 'INIT', '-', 0, 0, 0, 0, 0, 0),
(233, '2020-12-01', 'KC5', '49', 'INIT', '-', 0, 0, 0, 0, 0, 0),
(234, '2020-12-01', 'KC6', '49', 'INIT', '-', 0, 0, 0, 0, 0, 0),
(235, '2020-12-01', 'KC1', '50', 'INIT', '-', 0, 0, 0, 0, 0, 0),
(236, '2020-12-01', 'KC2', '50', 'INIT', '-', 0, 0, 0, 0, 0, 0),
(237, '2020-12-01', 'KC3', '50', 'INIT', '-', 0, 0, 0, 0, 0, 0),
(238, '2020-12-01', 'KC4', '50', 'INIT', '-', 0, 0, 0, 0, 0, 0),
(239, '2020-12-01', 'KC5', '50', 'INIT', '-', 0, 0, 0, 0, 0, 0),
(240, '2020-12-01', 'KC6', '50', 'INIT', '-', 0, 0, 0, 0, 0, 0),
(241, '2020-12-01', 'KC1', '51', 'INIT', '-', 0, 0, 0, 0, 0, 0),
(242, '2020-12-01', 'KC2', '51', 'INIT', '-', 0, 0, 0, 0, 0, 0),
(243, '2020-12-01', 'KC3', '51', 'INIT', '-', 0, 0, 0, 0, 0, 0),
(244, '2020-12-01', 'KC4', '51', 'INIT', '-', 0, 0, 0, 0, 0, 0),
(245, '2020-12-01', 'KC5', '51', 'INIT', '-', 0, 0, 0, 0, 0, 0),
(246, '2020-12-01', 'KC6', '51', 'INIT', '-', 0, 0, 0, 0, 0, 0),
(247, '2020-12-01', 'KC1', '52', 'INIT', '-', 0, 0, 0, 0, 0, 0),
(248, '2020-12-01', 'KC2', '52', 'INIT', '-', 0, 0, 0, 0, 0, 0),
(249, '2020-12-01', 'KC3', '52', 'INIT', '-', 0, 0, 0, 0, 0, 0),
(250, '2020-12-01', 'KC4', '52', 'INIT', '-', 0, 0, 0, 0, 0, 0),
(251, '2020-12-01', 'KC5', '52', 'INIT', '-', 0, 0, 0, 0, 0, 0),
(252, '2020-12-01', 'KC6', '52', 'INIT', '-', 0, 0, 0, 0, 0, 0),
(253, '2020-12-01', 'KC1', '53', 'INIT', '-', 0, 0, 0, 0, 0, 0),
(254, '2020-12-01', 'KC2', '53', 'INIT', '-', 0, 0, 0, 0, 0, 0),
(255, '2020-12-01', 'KC3', '53', 'INIT', '-', 0, 0, 0, 0, 0, 0),
(256, '2020-12-01', 'KC4', '53', 'INIT', '-', 0, 0, 0, 0, 0, 0),
(257, '2020-12-01', 'KC5', '53', 'INIT', '-', 0, 0, 0, 0, 0, 0),
(258, '2020-12-01', 'KC6', '53', 'INIT', '-', 0, 0, 0, 0, 0, 0),
(259, '2020-12-01', 'KC1', '54', 'INIT', '-', 0, 0, 0, 0, 0, 0),
(260, '2020-12-01', 'KC2', '54', 'INIT', '-', 0, 0, 0, 0, 0, 0),
(261, '2020-12-01', 'KC3', '54', 'INIT', '-', 0, 0, 0, 0, 0, 0),
(262, '2020-12-01', 'KC4', '54', 'INIT', '-', 0, 0, 0, 0, 0, 0),
(263, '2020-12-01', 'KC5', '54', 'INIT', '-', 0, 0, 0, 0, 0, 0),
(264, '2020-12-01', 'KC6', '54', 'INIT', '-', 0, 0, 0, 0, 0, 0),
(265, '2020-12-01', 'KC1', '55', 'INIT', '-', 0, 0, 0, 0, 0, 0),
(266, '2020-12-01', 'KC2', '55', 'INIT', '-', 0, 0, 0, 0, 0, 0),
(267, '2020-12-01', 'KC3', '55', 'INIT', '-', 0, 0, 0, 0, 0, 0),
(268, '2020-12-01', 'KC4', '55', 'INIT', '-', 0, 0, 0, 0, 0, 0),
(269, '2020-12-01', 'KC5', '55', 'INIT', '-', 0, 0, 0, 0, 0, 0),
(270, '2020-12-01', 'KC6', '55', 'INIT', '-', 0, 0, 0, 0, 0, 0),
(271, '2020-12-01', 'KC1', '56', 'INIT', '-', 0, 0, 0, 0, 0, 0),
(272, '2020-12-01', 'KC2', '56', 'INIT', '-', 0, 0, 0, 0, 0, 0),
(273, '2020-12-01', 'KC3', '56', 'INIT', '-', 0, 0, 0, 0, 0, 0),
(274, '2020-12-01', 'KC4', '56', 'INIT', '-', 0, 0, 0, 0, 0, 0),
(275, '2020-12-01', 'KC5', '56', 'INIT', '-', 0, 0, 0, 0, 0, 0),
(276, '2020-12-01', 'KC6', '56', 'INIT', '-', 0, 0, 0, 0, 0, 0),
(277, '2020-12-01', 'KC1', '57', 'INIT', '-', 0, 0, 0, 0, 0, 0),
(278, '2020-12-01', 'KC2', '57', 'INIT', '-', 0, 0, 0, 0, 0, 0),
(279, '2020-12-01', 'KC3', '57', 'INIT', '-', 0, 0, 0, 0, 0, 0),
(280, '2020-12-01', 'KC4', '57', 'INIT', '-', 0, 0, 0, 0, 0, 0),
(281, '2020-12-01', 'KC5', '57', 'INIT', '-', 0, 0, 0, 0, 0, 0),
(282, '2020-12-01', 'KC6', '57', 'INIT', '-', 0, 0, 0, 0, 0, 0),
(283, '2020-12-01', 'KC1', '58', 'INIT', '-', 0, 0, 0, 0, 0, 0),
(284, '2020-12-01', 'KC2', '58', 'INIT', '-', 0, 0, 0, 0, 0, 0),
(285, '2020-12-01', 'KC3', '58', 'INIT', '-', 0, 0, 0, 0, 0, 0),
(286, '2020-12-01', 'KC4', '58', 'INIT', '-', 0, 0, 0, 0, 0, 0),
(287, '2020-12-01', 'KC5', '58', 'INIT', '-', 0, 0, 0, 0, 0, 0),
(288, '2020-12-01', 'KC6', '58', 'INIT', '-', 0, 0, 0, 0, 0, 0),
(289, '2020-12-01', 'KC1', '59', 'INIT', '-', 0, 0, 0, 0, 0, 0),
(290, '2020-12-01', 'KC2', '59', 'INIT', '-', 0, 0, 0, 0, 0, 0),
(291, '2020-12-01', 'KC3', '59', 'INIT', '-', 0, 0, 0, 0, 0, 0),
(292, '2020-12-01', 'KC4', '59', 'INIT', '-', 0, 0, 0, 0, 0, 0),
(293, '2020-12-01', 'KC5', '59', 'INIT', '-', 0, 0, 0, 0, 0, 0),
(294, '2020-12-01', 'KC6', '59', 'INIT', '-', 0, 0, 0, 0, 0, 0),
(295, '2020-12-01', 'KC1', '60', 'INIT', '-', 0, 0, 0, 0, 0, 0),
(296, '2020-12-01', 'KC2', '60', 'INIT', '-', 0, 0, 0, 0, 0, 0),
(297, '2020-12-01', 'KC3', '60', 'INIT', '-', 0, 0, 0, 0, 0, 0),
(298, '2020-12-01', 'KC4', '60', 'INIT', '-', 0, 0, 0, 0, 0, 0),
(299, '2020-12-01', 'KC5', '60', 'INIT', '-', 0, 0, 0, 0, 0, 0),
(300, '2020-12-01', 'KC6', '60', 'INIT', '-', 0, 0, 0, 0, 0, 0),
(301, '2020-12-01', 'KC1', '61', 'INIT', '-', 0, 0, 0, 0, 0, 0),
(302, '2020-12-01', 'KC2', '61', 'INIT', '-', 0, 0, 0, 0, 0, 0),
(303, '2020-12-01', 'KC3', '61', 'INIT', '-', 0, 0, 0, 0, 0, 0),
(304, '2020-12-01', 'KC4', '61', 'INIT', '-', 0, 0, 0, 0, 0, 0),
(305, '2020-12-01', 'KC5', '61', 'INIT', '-', 0, 0, 0, 0, 0, 0),
(306, '2020-12-01', 'KC6', '61', 'INIT', '-', 0, 0, 0, 0, 0, 0),
(307, '2020-12-01', 'KC1', '62', 'INIT', '-', 0, 0, 0, 0, 0, 0),
(308, '2020-12-01', 'KC2', '62', 'INIT', '-', 0, 0, 0, 0, 0, 0),
(309, '2020-12-01', 'KC3', '62', 'INIT', '-', 0, 0, 0, 0, 0, 0),
(310, '2020-12-01', 'KC4', '62', 'INIT', '-', 0, 0, 0, 0, 0, 0),
(311, '2020-12-01', 'KC5', '62', 'INIT', '-', 0, 0, 0, 0, 0, 0),
(312, '2020-12-01', 'KC6', '62', 'INIT', '-', 0, 0, 0, 0, 0, 0),
(313, '2020-12-01', 'KC1', '63', 'INIT', '-', 0, 0, 0, 0, 0, 0),
(314, '2020-12-01', 'KC2', '63', 'INIT', '-', 0, 0, 0, 0, 0, 0),
(315, '2020-12-01', 'KC3', '63', 'INIT', '-', 0, 0, 0, 0, 0, 0),
(316, '2020-12-01', 'KC4', '63', 'INIT', '-', 0, 0, 0, 0, 0, 0),
(317, '2020-12-01', 'KC5', '63', 'INIT', '-', 0, 0, 0, 0, 0, 0),
(318, '2020-12-01', 'KC6', '63', 'INIT', '-', 0, 0, 0, 0, 0, 0),
(319, '2020-12-01', 'KC1', '64', 'INIT', '-', 0, 0, 0, 0, 0, 0),
(320, '2020-12-01', 'KC2', '64', 'INIT', '-', 0, 0, 0, 0, 0, 0),
(321, '2020-12-01', 'KC3', '64', 'INIT', '-', 0, 0, 0, 0, 0, 0),
(322, '2020-12-01', 'KC4', '64', 'INIT', '-', 0, 0, 0, 0, 0, 0),
(323, '2020-12-01', 'KC5', '64', 'INIT', '-', 0, 0, 0, 0, 0, 0),
(324, '2020-12-01', 'KC6', '64', 'INIT', '-', 0, 0, 0, 0, 0, 0),
(325, '2020-12-01', 'KC1', '65', 'INIT', '-', 0, 0, 0, 0, 0, 0),
(326, '2020-12-01', 'KC2', '65', 'INIT', '-', 0, 0, 0, 0, 0, 0),
(327, '2020-12-01', 'KC3', '65', 'INIT', '-', 0, 0, 0, 0, 0, 0),
(328, '2020-12-01', 'KC4', '65', 'INIT', '-', 0, 0, 0, 0, 0, 0),
(329, '2020-12-01', 'KC5', '65', 'INIT', '-', 0, 0, 0, 0, 0, 0),
(330, '2020-12-01', 'KC6', '65', 'INIT', '-', 0, 0, 0, 0, 0, 0),
(331, '2020-12-01', 'KC1', '66', 'INIT', '-', 0, 0, 0, 0, 0, 0),
(332, '2020-12-01', 'KC2', '66', 'INIT', '-', 0, 0, 0, 0, 0, 0),
(333, '2020-12-01', 'KC3', '66', 'INIT', '-', 0, 0, 0, 0, 0, 0),
(334, '2020-12-01', 'KC4', '66', 'INIT', '-', 0, 0, 0, 0, 0, 0),
(335, '2020-12-01', 'KC5', '66', 'INIT', '-', 0, 0, 0, 0, 0, 0),
(336, '2020-12-01', 'KC6', '66', 'INIT', '-', 0, 0, 0, 0, 0, 0),
(337, '2020-12-01', 'KC1', '67', 'INIT', '-', 0, 0, 0, 0, 0, 0),
(338, '2020-12-01', 'KC2', '67', 'INIT', '-', 0, 0, 0, 0, 0, 0),
(339, '2020-12-01', 'KC3', '67', 'INIT', '-', 0, 0, 0, 0, 0, 0),
(340, '2020-12-01', 'KC4', '67', 'INIT', '-', 0, 0, 0, 0, 0, 0),
(341, '2020-12-01', 'KC5', '67', 'INIT', '-', 0, 0, 0, 0, 0, 0),
(342, '2020-12-01', 'KC6', '67', 'INIT', '-', 0, 0, 0, 0, 0, 0),
(343, '2020-12-01', 'KC1', '68', 'INIT', '-', 0, 0, 0, 0, 0, 0),
(344, '2020-12-01', 'KC2', '68', 'INIT', '-', 0, 0, 0, 0, 0, 0),
(345, '2020-12-01', 'KC3', '68', 'INIT', '-', 0, 0, 0, 0, 0, 0),
(346, '2020-12-01', 'KC4', '68', 'INIT', '-', 0, 0, 0, 0, 0, 0),
(347, '2020-12-01', 'KC5', '68', 'INIT', '-', 0, 0, 0, 0, 0, 0),
(348, '2020-12-01', 'KC6', '68', 'INIT', '-', 0, 0, 0, 0, 0, 0),
(349, '2020-12-01', 'KC1', '69', 'INIT', '-', 0, 0, 0, 0, 0, 0),
(350, '2020-12-01', 'KC2', '69', 'INIT', '-', 0, 0, 0, 0, 0, 0),
(351, '2020-12-01', 'KC3', '69', 'INIT', '-', 0, 0, 0, 0, 0, 0),
(352, '2020-12-01', 'KC4', '69', 'INIT', '-', 0, 0, 0, 0, 0, 0),
(353, '2020-12-01', 'KC5', '69', 'INIT', '-', 0, 0, 0, 0, 0, 0),
(354, '2020-12-01', 'KC6', '69', 'INIT', '-', 0, 0, 0, 0, 0, 0),
(355, '2020-12-01', 'KC1', '70', 'INIT', '-', 0, 0, 0, 0, 0, 0),
(356, '2020-12-01', 'KC2', '70', 'INIT', '-', 0, 0, 0, 0, 0, 0),
(357, '2020-12-01', 'KC3', '70', 'INIT', '-', 0, 0, 0, 0, 0, 0),
(358, '2020-12-01', 'KC4', '70', 'INIT', '-', 0, 0, 0, 0, 0, 0),
(359, '2020-12-01', 'KC5', '70', 'INIT', '-', 0, 0, 0, 0, 0, 0),
(360, '2020-12-01', 'KC6', '70', 'INIT', '-', 0, 0, 0, 0, 0, 0),
(361, '2020-12-01', 'KC1', '71', 'INIT', '-', 0, 0, 0, 0, 0, 0),
(362, '2020-12-01', 'KC2', '71', 'INIT', '-', 0, 0, 0, 0, 0, 0),
(363, '2020-12-01', 'KC3', '71', 'INIT', '-', 0, 0, 0, 0, 0, 0),
(364, '2020-12-01', 'KC4', '71', 'INIT', '-', 0, 0, 0, 0, 0, 0),
(365, '2020-12-01', 'KC5', '71', 'INIT', '-', 0, 0, 0, 0, 0, 0),
(366, '2020-12-01', 'KC6', '71', 'INIT', '-', 0, 0, 0, 0, 0, 0),
(367, '2020-12-01', 'KC1', '72', 'INIT', '-', 0, 0, 0, 0, 0, 0),
(368, '2020-12-01', 'KC2', '72', 'INIT', '-', 0, 0, 0, 0, 0, 0),
(369, '2020-12-01', 'KC3', '72', 'INIT', '-', 0, 0, 0, 0, 0, 0),
(370, '2020-12-01', 'KC4', '72', 'INIT', '-', 0, 0, 0, 0, 0, 0),
(371, '2020-12-01', 'KC5', '72', 'INIT', '-', 0, 0, 0, 0, 0, 0),
(372, '2020-12-01', 'KC6', '72', 'INIT', '-', 0, 0, 0, 0, 0, 0),
(373, '2020-12-01', 'KC1', '73', 'INIT', '-', 0, 0, 0, 0, 0, 0),
(374, '2020-12-01', 'KC2', '73', 'INIT', '-', 0, 0, 0, 0, 0, 0),
(375, '2020-12-01', 'KC3', '73', 'INIT', '-', 0, 0, 0, 0, 0, 0),
(376, '2020-12-01', 'KC4', '73', 'INIT', '-', 0, 0, 0, 0, 0, 0),
(377, '2020-12-01', 'KC5', '73', 'INIT', '-', 0, 0, 0, 0, 0, 0),
(378, '2020-12-01', 'KC6', '73', 'INIT', '-', 0, 0, 0, 0, 0, 0),
(379, '2020-12-01', 'KC1', '74', 'INIT', '-', 0, 0, 0, 0, 0, 0),
(380, '2020-12-01', 'KC2', '74', 'INIT', '-', 0, 0, 0, 0, 0, 0),
(381, '2020-12-01', 'KC3', '74', 'INIT', '-', 0, 0, 0, 0, 0, 0),
(382, '2020-12-01', 'KC4', '74', 'INIT', '-', 0, 0, 0, 0, 0, 0),
(383, '2020-12-01', 'KC5', '74', 'INIT', '-', 0, 0, 0, 0, 0, 0),
(384, '2020-12-01', 'KC6', '74', 'INIT', '-', 0, 0, 0, 0, 0, 0),
(385, '2020-12-01', 'KC1', '75', 'INIT', '-', 0, 0, 0, 0, 0, 0),
(386, '2020-12-01', 'KC2', '75', 'INIT', '-', 0, 0, 0, 0, 0, 0),
(387, '2020-12-01', 'KC3', '75', 'INIT', '-', 0, 0, 0, 0, 0, 0),
(388, '2020-12-01', 'KC4', '75', 'INIT', '-', 0, 0, 0, 0, 0, 0),
(389, '2020-12-01', 'KC5', '75', 'INIT', '-', 0, 0, 0, 0, 0, 0),
(390, '2020-12-01', 'KC6', '75', 'INIT', '-', 0, 0, 0, 0, 0, 0),
(391, '2020-12-01', 'KC1', '76', 'INIT', '-', 0, 0, 0, 0, 0, 0),
(392, '2020-12-01', 'KC2', '76', 'INIT', '-', 0, 0, 0, 0, 0, 0),
(393, '2020-12-01', 'KC3', '76', 'INIT', '-', 0, 0, 0, 0, 0, 0),
(394, '2020-12-01', 'KC4', '76', 'INIT', '-', 0, 0, 0, 0, 0, 0),
(395, '2020-12-01', 'KC5', '76', 'INIT', '-', 0, 0, 0, 0, 0, 0),
(396, '2020-12-01', 'KC6', '76', 'INIT', '-', 0, 0, 0, 0, 0, 0),
(397, '2020-12-01', 'KC1', '77', 'INIT', '-', 0, 0, 0, 0, 0, 0),
(398, '2020-12-01', 'KC2', '77', 'INIT', '-', 0, 0, 0, 0, 0, 0),
(399, '2020-12-01', 'KC3', '77', 'INIT', '-', 0, 0, 0, 0, 0, 0),
(400, '2020-12-01', 'KC4', '77', 'INIT', '-', 0, 0, 0, 0, 0, 0),
(401, '2020-12-01', 'KC5', '77', 'INIT', '-', 0, 0, 0, 0, 0, 0),
(402, '2020-12-01', 'KC6', '77', 'INIT', '-', 0, 0, 0, 0, 0, 0),
(403, '2020-12-01', 'KC1', '78', 'INIT', '-', 0, 0, 0, 0, 0, 0),
(404, '2020-12-01', 'KC2', '78', 'INIT', '-', 0, 0, 0, 0, 0, 0),
(405, '2020-12-01', 'KC3', '78', 'INIT', '-', 0, 0, 0, 0, 0, 0),
(406, '2020-12-01', 'KC4', '78', 'INIT', '-', 0, 0, 0, 0, 0, 0),
(407, '2020-12-01', 'KC5', '78', 'INIT', '-', 0, 0, 0, 0, 0, 0),
(408, '2020-12-01', 'KC6', '78', 'INIT', '-', 0, 0, 0, 0, 0, 0),
(409, '2020-12-01', 'KC1', '79', 'INIT', '-', 0, 0, 0, 0, 0, 0),
(410, '2020-12-01', 'KC2', '79', 'INIT', '-', 0, 0, 0, 0, 0, 0),
(411, '2020-12-01', 'KC3', '79', 'INIT', '-', 0, 0, 0, 0, 0, 0),
(412, '2020-12-01', 'KC4', '79', 'INIT', '-', 0, 0, 0, 0, 0, 0),
(413, '2020-12-01', 'KC5', '79', 'INIT', '-', 0, 0, 0, 0, 0, 0),
(414, '2020-12-01', 'KC6', '79', 'INIT', '-', 0, 0, 0, 0, 0, 0),
(415, '2020-12-01', 'KC1', '80', 'INIT', '-', 0, 0, 0, 0, 0, 0),
(416, '2020-12-01', 'KC2', '80', 'INIT', '-', 0, 0, 0, 0, 0, 0),
(417, '2020-12-01', 'KC3', '80', 'INIT', '-', 0, 0, 0, 0, 0, 0),
(418, '2020-12-01', 'KC4', '80', 'INIT', '-', 0, 0, 0, 0, 0, 0),
(419, '2020-12-01', 'KC5', '80', 'INIT', '-', 0, 0, 0, 0, 0, 0),
(420, '2020-12-01', 'KC6', '80', 'INIT', '-', 0, 0, 0, 0, 0, 0),
(421, '2020-12-01', 'KC1', '81', 'INIT', '-', 0, 0, 0, 0, 0, 0),
(422, '2020-12-01', 'KC2', '81', 'INIT', '-', 0, 0, 0, 0, 0, 0),
(423, '2020-12-01', 'KC3', '81', 'INIT', '-', 0, 0, 0, 0, 0, 0),
(424, '2020-12-01', 'KC4', '81', 'INIT', '-', 0, 0, 0, 0, 0, 0),
(425, '2020-12-01', 'KC5', '81', 'INIT', '-', 0, 0, 0, 0, 0, 0),
(426, '2020-12-01', 'KC6', '81', 'INIT', '-', 0, 0, 0, 0, 0, 0),
(427, '2020-12-01', 'KC1', '82', 'INIT', '-', 0, 0, 0, 0, 0, 0),
(428, '2020-12-01', 'KC2', '82', 'INIT', '-', 0, 0, 0, 0, 0, 0),
(429, '2020-12-01', 'KC3', '82', 'INIT', '-', 0, 0, 0, 0, 0, 0),
(430, '2020-12-01', 'KC4', '82', 'INIT', '-', 0, 0, 0, 0, 0, 0),
(431, '2020-12-01', 'KC5', '82', 'INIT', '-', 0, 0, 0, 0, 0, 0),
(432, '2020-12-01', 'KC6', '82', 'INIT', '-', 0, 0, 0, 0, 0, 0),
(433, '2020-12-01', 'KC1', '83', 'INIT', '-', 0, 0, 0, 0, 0, 0),
(434, '2020-12-01', 'KC2', '83', 'INIT', '-', 0, 0, 0, 0, 0, 0),
(435, '2020-12-01', 'KC3', '83', 'INIT', '-', 0, 0, 0, 0, 0, 0),
(436, '2020-12-01', 'KC4', '83', 'INIT', '-', 0, 0, 0, 0, 0, 0),
(437, '2020-12-01', 'KC5', '83', 'INIT', '-', 0, 0, 0, 0, 0, 0),
(438, '2020-12-01', 'KC6', '83', 'INIT', '-', 0, 0, 0, 0, 0, 0),
(439, '2020-12-01', 'KC1', '84', 'INIT', '-', 0, 0, 0, 0, 0, 0),
(440, '2020-12-01', 'KC2', '84', 'INIT', '-', 0, 0, 0, 0, 0, 0),
(441, '2020-12-01', 'KC3', '84', 'INIT', '-', 0, 0, 0, 0, 0, 0),
(442, '2020-12-01', 'KC4', '84', 'INIT', '-', 0, 0, 0, 0, 0, 0),
(443, '2020-12-01', 'KC5', '84', 'INIT', '-', 0, 0, 0, 0, 0, 0),
(444, '2020-12-01', 'KC6', '84', 'INIT', '-', 0, 0, 0, 0, 0, 0),
(445, '2020-12-01', 'KC1', '85', 'INIT', '-', 0, 0, 0, 0, 0, 0),
(446, '2020-12-01', 'KC2', '85', 'INIT', '-', 0, 0, 0, 0, 0, 0),
(447, '2020-12-01', 'KC3', '85', 'INIT', '-', 0, 0, 0, 0, 0, 0),
(448, '2020-12-01', 'KC4', '85', 'INIT', '-', 0, 0, 0, 0, 0, 0),
(449, '2020-12-01', 'KC5', '85', 'INIT', '-', 0, 0, 0, 0, 0, 0),
(450, '2020-12-01', 'KC6', '85', 'INIT', '-', 0, 0, 0, 0, 0, 0),
(451, '2020-12-01', 'KC1', '86', 'INIT', '-', 0, 0, 0, 0, 0, 0),
(452, '2020-12-01', 'KC2', '86', 'INIT', '-', 0, 0, 0, 0, 0, 0),
(453, '2020-12-01', 'KC3', '86', 'INIT', '-', 0, 0, 0, 0, 0, 0),
(454, '2020-12-01', 'KC4', '86', 'INIT', '-', 0, 0, 0, 0, 0, 0),
(455, '2020-12-01', 'KC5', '86', 'INIT', '-', 0, 0, 0, 0, 0, 0),
(456, '2020-12-01', 'KC6', '86', 'INIT', '-', 0, 0, 0, 0, 0, 0),
(457, '2020-12-01', 'KC1', '87', 'INIT', '-', 0, 0, 0, 0, 0, 0),
(458, '2020-12-01', 'KC2', '87', 'INIT', '-', 0, 0, 0, 0, 0, 0),
(459, '2020-12-01', 'KC3', '87', 'INIT', '-', 0, 0, 0, 0, 0, 0),
(460, '2020-12-01', 'KC4', '87', 'INIT', '-', 0, 0, 0, 0, 0, 0),
(461, '2020-12-01', 'KC5', '87', 'INIT', '-', 0, 0, 0, 0, 0, 0),
(462, '2020-12-01', 'KC6', '87', 'INIT', '-', 0, 0, 0, 0, 0, 0),
(463, '2020-12-01', 'KC1', '88', 'INIT', '-', 0, 0, 0, 0, 0, 0),
(464, '2020-12-01', 'KC2', '88', 'INIT', '-', 0, 0, 0, 0, 0, 0),
(465, '2020-12-01', 'KC3', '88', 'INIT', '-', 0, 0, 0, 0, 0, 0),
(466, '2020-12-01', 'KC4', '88', 'INIT', '-', 0, 0, 0, 0, 0, 0),
(467, '2020-12-01', 'KC5', '88', 'INIT', '-', 0, 0, 0, 0, 0, 0),
(468, '2020-12-01', 'KC6', '88', 'INIT', '-', 0, 0, 0, 0, 0, 0),
(469, '2020-12-01', 'KC1', '89', 'INIT', '-', 0, 0, 0, 0, 0, 0),
(470, '2020-12-01', 'KC2', '89', 'INIT', '-', 0, 0, 0, 0, 0, 0),
(471, '2020-12-01', 'KC3', '89', 'INIT', '-', 0, 0, 0, 0, 0, 0),
(472, '2020-12-01', 'KC4', '89', 'INIT', '-', 0, 0, 0, 0, 0, 0),
(473, '2020-12-01', 'KC5', '89', 'INIT', '-', 0, 0, 0, 0, 0, 0),
(474, '2020-12-01', 'KC6', '89', 'INIT', '-', 0, 0, 0, 0, 0, 0),
(475, '2020-12-01', 'KC1', '90', 'INIT', '-', 0, 0, 0, 0, 0, 0),
(476, '2020-12-01', 'KC2', '90', 'INIT', '-', 0, 0, 0, 0, 0, 0),
(477, '2020-12-01', 'KC3', '90', 'INIT', '-', 0, 0, 0, 0, 0, 0),
(478, '2020-12-01', 'KC4', '90', 'INIT', '-', 0, 0, 0, 0, 0, 0),
(479, '2020-12-01', 'KC5', '90', 'INIT', '-', 0, 0, 0, 0, 0, 0),
(480, '2020-12-01', 'KC6', '90', 'INIT', '-', 0, 0, 0, 0, 0, 0),
(481, '2020-12-01', 'KC1', '91', 'INIT', '-', 0, 0, 0, 0, 0, 0),
(482, '2020-12-01', 'KC2', '91', 'INIT', '-', 0, 0, 0, 0, 0, 0),
(483, '2020-12-01', 'KC3', '91', 'INIT', '-', 0, 0, 0, 0, 0, 0),
(484, '2020-12-01', 'KC4', '91', 'INIT', '-', 0, 0, 0, 0, 0, 0),
(485, '2020-12-01', 'KC5', '91', 'INIT', '-', 0, 0, 0, 0, 0, 0),
(486, '2020-12-01', 'KC6', '91', 'INIT', '-', 0, 0, 0, 0, 0, 0),
(487, '2020-12-01', 'KC1', '92', 'INIT', '-', 0, 0, 0, 0, 0, 0),
(488, '2020-12-01', 'KC2', '92', 'INIT', '-', 0, 0, 0, 0, 0, 0),
(489, '2020-12-01', 'KC3', '92', 'INIT', '-', 0, 0, 0, 0, 0, 0),
(490, '2020-12-01', 'KC4', '92', 'INIT', '-', 0, 0, 0, 0, 0, 0),
(491, '2020-12-01', 'KC5', '92', 'INIT', '-', 0, 0, 0, 0, 0, 0),
(492, '2020-12-01', 'KC6', '92', 'INIT', '-', 0, 0, 0, 0, 0, 0),
(493, '2020-12-01', 'KC1', '93', 'INIT', '-', 0, 0, 0, 0, 0, 0),
(494, '2020-12-01', 'KC2', '93', 'INIT', '-', 0, 0, 0, 0, 0, 0),
(495, '2020-12-01', 'KC3', '93', 'INIT', '-', 0, 0, 0, 0, 0, 0),
(496, '2020-12-01', 'KC4', '93', 'INIT', '-', 0, 0, 0, 0, 0, 0),
(497, '2020-12-01', 'KC5', '93', 'INIT', '-', 0, 0, 0, 0, 0, 0),
(498, '2020-12-01', 'KC6', '93', 'INIT', '-', 0, 0, 0, 0, 0, 0),
(499, '2020-12-01', 'KC1', '94', 'INIT', '-', 0, 0, 0, 0, 0, 0),
(500, '2020-12-01', 'KC2', '94', 'INIT', '-', 0, 0, 0, 0, 0, 0),
(501, '2020-12-01', 'KC3', '94', 'INIT', '-', 0, 0, 0, 0, 0, 0),
(502, '2020-12-01', 'KC4', '94', 'INIT', '-', 0, 0, 0, 0, 0, 0),
(503, '2020-12-01', 'KC5', '94', 'INIT', '-', 0, 0, 0, 0, 0, 0),
(504, '2020-12-01', 'KC6', '94', 'INIT', '-', 0, 0, 0, 0, 0, 0),
(505, '2020-12-01', 'KC1', '95', 'INIT', '-', 0, 0, 0, 0, 0, 0),
(506, '2020-12-01', 'KC2', '95', 'INIT', '-', 0, 0, 0, 0, 0, 0),
(507, '2020-12-01', 'KC3', '95', 'INIT', '-', 0, 0, 0, 0, 0, 0),
(508, '2020-12-01', 'KC4', '95', 'INIT', '-', 0, 0, 0, 0, 0, 0),
(509, '2020-12-01', 'KC5', '95', 'INIT', '-', 0, 0, 0, 0, 0, 0),
(510, '2020-12-01', 'KC6', '95', 'INIT', '-', 0, 0, 0, 0, 0, 0),
(511, '2020-12-01', 'KC1', '96', 'INIT', '-', 0, 0, 0, 0, 0, 0),
(512, '2020-12-01', 'KC2', '96', 'INIT', '-', 0, 0, 0, 0, 0, 0),
(513, '2020-12-01', 'KC3', '96', 'INIT', '-', 0, 0, 0, 0, 0, 0),
(514, '2020-12-01', 'KC4', '96', 'INIT', '-', 0, 0, 0, 0, 0, 0),
(515, '2020-12-01', 'KC5', '96', 'INIT', '-', 0, 0, 0, 0, 0, 0),
(516, '2020-12-01', 'KC6', '96', 'INIT', '-', 0, 0, 0, 0, 0, 0),
(517, '2020-12-01', 'KC1', '97', 'INIT', '-', 0, 0, 0, 0, 0, 0),
(518, '2020-12-01', 'KC2', '97', 'INIT', '-', 0, 0, 0, 0, 0, 0),
(519, '2020-12-01', 'KC3', '97', 'INIT', '-', 0, 0, 0, 0, 0, 0),
(520, '2020-12-01', 'KC4', '97', 'INIT', '-', 0, 0, 0, 0, 0, 0),
(521, '2020-12-01', 'KC5', '97', 'INIT', '-', 0, 0, 0, 0, 0, 0),
(522, '2020-12-01', 'KC6', '97', 'INIT', '-', 0, 0, 0, 0, 0, 0),
(523, '2020-12-01', 'KC1', '98', 'INIT', '-', 0, 0, 0, 0, 0, 0),
(524, '2020-12-01', 'KC2', '98', 'INIT', '-', 0, 0, 0, 0, 0, 0),
(525, '2020-12-01', 'KC3', '98', 'INIT', '-', 0, 0, 0, 0, 0, 0),
(526, '2020-12-01', 'KC4', '98', 'INIT', '-', 0, 0, 0, 0, 0, 0),
(527, '2020-12-01', 'KC5', '98', 'INIT', '-', 0, 0, 0, 0, 0, 0),
(528, '2020-12-01', 'KC6', '98', 'INIT', '-', 0, 0, 0, 0, 0, 0),
(529, '2020-12-01', 'KC1', '99', 'INIT', '-', 0, 0, 0, 0, 0, 0),
(530, '2020-12-01', 'KC2', '99', 'INIT', '-', 0, 0, 0, 0, 0, 0),
(531, '2020-12-01', 'KC3', '99', 'INIT', '-', 0, 0, 0, 0, 0, 0),
(532, '2020-12-01', 'KC4', '99', 'INIT', '-', 0, 0, 0, 0, 0, 0),
(533, '2020-12-01', 'KC5', '99', 'INIT', '-', 0, 0, 0, 0, 0, 0),
(534, '2020-12-01', 'KC6', '99', 'INIT', '-', 0, 0, 0, 0, 0, 0),
(535, '2020-12-01', 'KC1', '100', 'INIT', '-', 0, 0, 0, 0, 0, 0),
(536, '2020-12-01', 'KC2', '100', 'INIT', '-', 0, 0, 0, 0, 0, 0),
(537, '2020-12-01', 'KC3', '100', 'INIT', '-', 0, 0, 0, 0, 0, 0),
(538, '2020-12-01', 'KC4', '100', 'INIT', '-', 0, 0, 0, 0, 0, 0),
(539, '2020-12-01', 'KC5', '100', 'INIT', '-', 0, 0, 0, 0, 0, 0),
(540, '2020-12-01', 'KC6', '100', 'INIT', '-', 0, 0, 0, 0, 0, 0),
(541, '2020-12-01', 'KC1', '101', 'INIT', '-', 0, 0, 0, 0, 0, 0),
(542, '2020-12-01', 'KC2', '101', 'INIT', '-', 0, 0, 0, 0, 0, 0),
(543, '2020-12-01', 'KC3', '101', 'INIT', '-', 0, 0, 0, 0, 0, 0),
(544, '2020-12-01', 'KC4', '101', 'INIT', '-', 0, 0, 0, 0, 0, 0),
(545, '2020-12-01', 'KC5', '101', 'INIT', '-', 0, 0, 0, 0, 0, 0),
(546, '2020-12-01', 'KC6', '101', 'INIT', '-', 0, 0, 0, 0, 0, 0),
(547, '2020-12-01', 'KC1', '102', 'INIT', '-', 0, 0, 0, 0, 0, 0),
(548, '2020-12-01', 'KC2', '102', 'INIT', '-', 0, 0, 0, 0, 0, 0),
(549, '2020-12-01', 'KC3', '102', 'INIT', '-', 0, 0, 0, 0, 0, 0),
(550, '2020-12-01', 'KC4', '102', 'INIT', '-', 0, 0, 0, 0, 0, 0),
(551, '2020-12-01', 'KC5', '102', 'INIT', '-', 0, 0, 0, 0, 0, 0),
(552, '2020-12-01', 'KC6', '102', 'INIT', '-', 0, 0, 0, 0, 0, 0),
(553, '2020-12-01', 'KC1', '103', 'INIT', '-', 0, 0, 0, 0, 0, 0),
(554, '2020-12-01', 'KC2', '103', 'INIT', '-', 0, 0, 0, 0, 0, 0),
(555, '2020-12-01', 'KC3', '103', 'INIT', '-', 0, 0, 0, 0, 0, 0),
(556, '2020-12-01', 'KC4', '103', 'INIT', '-', 0, 0, 0, 0, 0, 0),
(557, '2020-12-01', 'KC5', '103', 'INIT', '-', 0, 0, 0, 0, 0, 0),
(558, '2020-12-01', 'KC6', '103', 'INIT', '-', 0, 0, 0, 0, 0, 0),
(559, '2020-12-01', 'KC1', '104', 'INIT', '-', 0, 0, 0, 0, 0, 0),
(560, '2020-12-01', 'KC2', '104', 'INIT', '-', 0, 0, 0, 0, 0, 0),
(561, '2020-12-01', 'KC3', '104', 'INIT', '-', 0, 0, 0, 0, 0, 0),
(562, '2020-12-01', 'KC4', '104', 'INIT', '-', 0, 0, 0, 0, 0, 0),
(563, '2020-12-01', 'KC5', '104', 'INIT', '-', 0, 0, 0, 0, 0, 0),
(564, '2020-12-01', 'KC6', '104', 'INIT', '-', 0, 0, 0, 0, 0, 0),
(565, '2020-12-01', 'KC1', '105', 'INIT', '-', 0, 0, 0, 0, 0, 0),
(566, '2020-12-01', 'KC2', '105', 'INIT', '-', 0, 0, 0, 0, 0, 0),
(567, '2020-12-01', 'KC3', '105', 'INIT', '-', 0, 0, 0, 0, 0, 0),
(568, '2020-12-01', 'KC4', '105', 'INIT', '-', 0, 0, 0, 0, 0, 0),
(569, '2020-12-01', 'KC5', '105', 'INIT', '-', 0, 0, 0, 0, 0, 0),
(570, '2020-12-01', 'KC6', '105', 'INIT', '-', 0, 0, 0, 0, 0, 0),
(571, '2020-12-01', 'KC1', '106', 'INIT', '-', 0, 0, 0, 0, 0, 0),
(572, '2020-12-01', 'KC2', '106', 'INIT', '-', 0, 0, 0, 0, 0, 0),
(573, '2020-12-01', 'KC3', '106', 'INIT', '-', 0, 0, 0, 0, 0, 0),
(574, '2020-12-01', 'KC4', '106', 'INIT', '-', 0, 0, 0, 0, 0, 0),
(575, '2020-12-01', 'KC5', '106', 'INIT', '-', 0, 0, 0, 0, 0, 0),
(576, '2020-12-01', 'KC6', '106', 'INIT', '-', 0, 0, 0, 0, 0, 0),
(577, '2020-12-01', 'KC1', '107', 'INIT', '-', 0, 0, 0, 0, 0, 0),
(578, '2020-12-01', 'KC2', '107', 'INIT', '-', 0, 0, 0, 0, 0, 0),
(579, '2020-12-01', 'KC3', '107', 'INIT', '-', 0, 0, 0, 0, 0, 0),
(580, '2020-12-01', 'KC4', '107', 'INIT', '-', 0, 0, 0, 0, 0, 0),
(581, '2020-12-01', 'KC5', '107', 'INIT', '-', 0, 0, 0, 0, 0, 0),
(582, '2020-12-01', 'KC6', '107', 'INIT', '-', 0, 0, 0, 0, 0, 0),
(583, '2020-12-01', 'KC1', '108', 'INIT', '-', 0, 0, 0, 0, 0, 0),
(584, '2020-12-01', 'KC2', '108', 'INIT', '-', 0, 0, 0, 0, 0, 0),
(585, '2020-12-01', 'KC3', '108', 'INIT', '-', 0, 0, 0, 0, 0, 0),
(586, '2020-12-01', 'KC4', '108', 'INIT', '-', 0, 0, 0, 0, 0, 0),
(587, '2020-12-01', 'KC5', '108', 'INIT', '-', 0, 0, 0, 0, 0, 0),
(588, '2020-12-01', 'KC6', '108', 'INIT', '-', 0, 0, 0, 0, 0, 0),
(589, '2020-12-01', 'KC1', '109', 'INIT', '-', 0, 0, 0, 0, 0, 0),
(590, '2020-12-01', 'KC2', '109', 'INIT', '-', 0, 0, 0, 0, 0, 0),
(591, '2020-12-01', 'KC3', '109', 'INIT', '-', 0, 0, 0, 0, 0, 0),
(592, '2020-12-01', 'KC4', '109', 'INIT', '-', 0, 0, 0, 0, 0, 0),
(593, '2020-12-01', 'KC5', '109', 'INIT', '-', 0, 0, 0, 0, 0, 0),
(594, '2020-12-01', 'KC6', '109', 'INIT', '-', 0, 0, 0, 0, 0, 0),
(595, '2020-12-01', 'KC1', '110', 'INIT', '-', 0, 0, 0, 0, 0, 0),
(596, '2020-12-01', 'KC2', '110', 'INIT', '-', 0, 0, 0, 0, 0, 0),
(597, '2020-12-01', 'KC3', '110', 'INIT', '-', 0, 0, 0, 0, 0, 0),
(598, '2020-12-01', 'KC4', '110', 'INIT', '-', 0, 0, 0, 0, 0, 0),
(599, '2020-12-01', 'KC5', '110', 'INIT', '-', 0, 0, 0, 0, 0, 0),
(600, '2020-12-01', 'KC6', '110', 'INIT', '-', 0, 0, 0, 0, 0, 0),
(601, '2020-12-01', 'KC1', '111', 'INIT', '-', 0, 0, 0, 0, 0, 0),
(602, '2020-12-01', 'KC2', '111', 'INIT', '-', 0, 0, 0, 0, 0, 0),
(603, '2020-12-01', 'KC3', '111', 'INIT', '-', 0, 0, 0, 0, 0, 0),
(604, '2020-12-01', 'KC4', '111', 'INIT', '-', 0, 0, 0, 0, 0, 0),
(605, '2020-12-01', 'KC5', '111', 'INIT', '-', 0, 0, 0, 0, 0, 0),
(606, '2020-12-01', 'KC6', '111', 'INIT', '-', 0, 0, 0, 0, 0, 0),
(607, '2020-12-01', 'KC1', '112', 'INIT', '-', 0, 0, 0, 0, 0, 0),
(608, '2020-12-01', 'KC2', '112', 'INIT', '-', 0, 0, 0, 0, 0, 0),
(609, '2020-12-01', 'KC3', '112', 'INIT', '-', 0, 0, 0, 0, 0, 0),
(610, '2020-12-01', 'KC4', '112', 'INIT', '-', 0, 0, 0, 0, 0, 0),
(611, '2020-12-01', 'KC5', '112', 'INIT', '-', 0, 0, 0, 0, 0, 0),
(612, '2020-12-01', 'KC6', '112', 'INIT', '-', 0, 0, 0, 0, 0, 0),
(613, '2020-12-01', 'KC1', '113', 'INIT', '-', 0, 0, 0, 0, 0, 0),
(614, '2020-12-01', 'KC2', '113', 'INIT', '-', 0, 0, 0, 0, 0, 0),
(615, '2020-12-01', 'KC3', '113', 'INIT', '-', 0, 0, 0, 0, 0, 0),
(616, '2020-12-01', 'KC4', '113', 'INIT', '-', 0, 0, 0, 0, 0, 0),
(617, '2020-12-01', 'KC5', '113', 'INIT', '-', 0, 0, 0, 0, 0, 0),
(618, '2020-12-01', 'KC6', '113', 'INIT', '-', 0, 0, 0, 0, 0, 0),
(619, '2020-12-01', 'KC1', '114', 'INIT', '-', 0, 0, 0, 0, 0, 0),
(620, '2020-12-01', 'KC2', '114', 'INIT', '-', 0, 0, 0, 0, 0, 0),
(621, '2020-12-01', 'KC3', '114', 'INIT', '-', 0, 0, 0, 0, 0, 0),
(622, '2020-12-01', 'KC4', '114', 'INIT', '-', 0, 0, 0, 0, 0, 0),
(623, '2020-12-01', 'KC5', '114', 'INIT', '-', 0, 0, 0, 0, 0, 0),
(624, '2020-12-01', 'KC6', '114', 'INIT', '-', 0, 0, 0, 0, 0, 0),
(625, '2020-12-01', 'KC1', '115', 'INIT', '-', 0, 0, 0, 0, 0, 0),
(626, '2020-12-01', 'KC2', '115', 'INIT', '-', 0, 0, 0, 0, 0, 0),
(627, '2020-12-01', 'KC3', '115', 'INIT', '-', 0, 0, 0, 0, 0, 0),
(628, '2020-12-01', 'KC4', '115', 'INIT', '-', 0, 0, 0, 0, 0, 0),
(629, '2020-12-01', 'KC5', '115', 'INIT', '-', 0, 0, 0, 0, 0, 0),
(630, '2020-12-01', 'KC6', '115', 'INIT', '-', 0, 0, 0, 0, 0, 0),
(631, '2020-12-01', 'KC1', '116', 'INIT', '-', 0, 0, 0, 0, 0, 0),
(632, '2020-12-01', 'KC2', '116', 'INIT', '-', 0, 0, 0, 0, 0, 0),
(633, '2020-12-01', 'KC3', '116', 'INIT', '-', 0, 0, 0, 0, 0, 0),
(634, '2020-12-01', 'KC4', '116', 'INIT', '-', 0, 0, 0, 0, 0, 0),
(635, '2020-12-01', 'KC5', '116', 'INIT', '-', 0, 0, 0, 0, 0, 0),
(636, '2020-12-01', 'KC6', '116', 'INIT', '-', 0, 0, 0, 0, 0, 0),
(637, '2020-12-01', 'KC1', '117', 'INIT', '-', 0, 0, 0, 0, 0, 0),
(638, '2020-12-01', 'KC2', '117', 'INIT', '-', 0, 0, 0, 0, 0, 0),
(639, '2020-12-01', 'KC3', '117', 'INIT', '-', 0, 0, 0, 0, 0, 0),
(640, '2020-12-01', 'KC4', '117', 'INIT', '-', 0, 0, 0, 0, 0, 0),
(641, '2020-12-01', 'KC5', '117', 'INIT', '-', 0, 0, 0, 0, 0, 0),
(642, '2020-12-01', 'KC6', '117', 'INIT', '-', 0, 0, 0, 0, 0, 0),
(643, '2020-12-01', 'KC1', '118', 'INIT', '-', 0, 0, 0, 0, 0, 0),
(644, '2020-12-01', 'KC2', '118', 'INIT', '-', 0, 0, 0, 0, 0, 0),
(645, '2020-12-01', 'KC3', '118', 'INIT', '-', 0, 0, 0, 0, 0, 0),
(646, '2020-12-01', 'KC4', '118', 'INIT', '-', 0, 0, 0, 0, 0, 0),
(647, '2020-12-01', 'KC5', '118', 'INIT', '-', 0, 0, 0, 0, 0, 0),
(648, '2020-12-01', 'KC6', '118', 'INIT', '-', 0, 0, 0, 0, 0, 0),
(649, '2020-12-01', 'KC1', '119', 'INIT', '-', 0, 0, 0, 0, 0, 0),
(650, '2020-12-01', 'KC2', '119', 'INIT', '-', 0, 0, 0, 0, 0, 0),
(651, '2020-12-01', 'KC3', '119', 'INIT', '-', 0, 0, 0, 0, 0, 0),
(652, '2020-12-01', 'KC4', '119', 'INIT', '-', 0, 0, 0, 0, 0, 0),
(653, '2020-12-01', 'KC5', '119', 'INIT', '-', 0, 0, 0, 0, 0, 0),
(654, '2020-12-01', 'KC6', '119', 'INIT', '-', 0, 0, 0, 0, 0, 0),
(655, '2020-12-01', 'KC1', '120', 'INIT', '-', 0, 0, 0, 0, 0, 0),
(656, '2020-12-01', 'KC2', '120', 'INIT', '-', 0, 0, 0, 0, 0, 0),
(657, '2020-12-01', 'KC3', '120', 'INIT', '-', 0, 0, 0, 0, 0, 0),
(658, '2020-12-01', 'KC4', '120', 'INIT', '-', 0, 0, 0, 0, 0, 0),
(659, '2020-12-01', 'KC5', '120', 'INIT', '-', 0, 0, 0, 0, 0, 0),
(660, '2020-12-01', 'KC6', '120', 'INIT', '-', 0, 0, 0, 0, 0, 0),
(661, '2020-12-01', 'KC1', '121', 'INIT', '-', 0, 0, 0, 0, 0, 0),
(662, '2020-12-01', 'KC2', '121', 'INIT', '-', 0, 0, 0, 0, 0, 0),
(663, '2020-12-01', 'KC3', '121', 'INIT', '-', 0, 0, 0, 0, 0, 0),
(664, '2020-12-01', 'KC4', '121', 'INIT', '-', 0, 0, 0, 0, 0, 0),
(665, '2020-12-01', 'KC5', '121', 'INIT', '-', 0, 0, 0, 0, 0, 0),
(666, '2020-12-01', 'KC6', '121', 'INIT', '-', 0, 0, 0, 0, 0, 0),
(667, '2020-12-01', 'KC1', '122', 'INIT', '-', 0, 0, 0, 0, 0, 0),
(668, '2020-12-01', 'KC2', '122', 'INIT', '-', 0, 0, 0, 0, 0, 0),
(669, '2020-12-01', 'KC3', '122', 'INIT', '-', 0, 0, 0, 0, 0, 0),
(670, '2020-12-01', 'KC4', '122', 'INIT', '-', 0, 0, 0, 0, 0, 0),
(671, '2020-12-01', 'KC5', '122', 'INIT', '-', 0, 0, 0, 0, 0, 0),
(672, '2020-12-01', 'KC6', '122', 'INIT', '-', 0, 0, 0, 0, 0, 0),
(673, '2020-12-01', 'KC1', '123', 'INIT', '-', 0, 0, 0, 0, 0, 0),
(674, '2020-12-01', 'KC2', '123', 'INIT', '-', 0, 0, 0, 0, 0, 0),
(675, '2020-12-01', 'KC3', '123', 'INIT', '-', 0, 0, 0, 0, 0, 0),
(676, '2020-12-01', 'KC4', '123', 'INIT', '-', 0, 0, 0, 0, 0, 0),
(677, '2020-12-01', 'KC5', '123', 'INIT', '-', 0, 0, 0, 0, 0, 0),
(678, '2020-12-01', 'KC6', '123', 'INIT', '-', 0, 0, 0, 0, 0, 0),
(679, '2020-12-01', 'KC1', '124', 'INIT', '-', 0, 0, 0, 0, 0, 0),
(680, '2020-12-01', 'KC2', '124', 'INIT', '-', 0, 0, 0, 0, 0, 0),
(681, '2020-12-01', 'KC3', '124', 'INIT', '-', 0, 0, 0, 0, 0, 0),
(682, '2020-12-01', 'KC4', '124', 'INIT', '-', 0, 0, 0, 0, 0, 0),
(683, '2020-12-01', 'KC5', '124', 'INIT', '-', 0, 0, 0, 0, 0, 0),
(684, '2020-12-01', 'KC6', '124', 'INIT', '-', 0, 0, 0, 0, 0, 0),
(685, '2020-12-01', 'KC1', '125', 'INIT', '-', 0, 0, 0, 0, 0, 0),
(686, '2020-12-01', 'KC2', '125', 'INIT', '-', 0, 0, 0, 0, 0, 0),
(687, '2020-12-01', 'KC3', '125', 'INIT', '-', 0, 0, 0, 0, 0, 0),
(688, '2020-12-01', 'KC4', '125', 'INIT', '-', 0, 0, 0, 0, 0, 0),
(689, '2020-12-01', 'KC5', '125', 'INIT', '-', 0, 0, 0, 0, 0, 0),
(690, '2020-12-01', 'KC6', '125', 'INIT', '-', 0, 0, 0, 0, 0, 0),
(691, '2020-12-01', 'KC1', '126', 'INIT', '-', 0, 0, 0, 0, 0, 0),
(692, '2020-12-01', 'KC2', '126', 'INIT', '-', 0, 0, 0, 0, 0, 0),
(693, '2020-12-01', 'KC3', '126', 'INIT', '-', 0, 0, 0, 0, 0, 0),
(694, '2020-12-01', 'KC4', '126', 'INIT', '-', 0, 0, 0, 0, 0, 0),
(695, '2020-12-01', 'KC5', '126', 'INIT', '-', 0, 0, 0, 0, 0, 0),
(696, '2020-12-01', 'KC6', '126', 'INIT', '-', 0, 0, 0, 0, 0, 0),
(697, '2020-12-01', 'KC1', '127', 'INIT', '-', 0, 0, 0, 0, 0, 0),
(698, '2020-12-01', 'KC2', '127', 'INIT', '-', 0, 0, 0, 0, 0, 0),
(699, '2020-12-01', 'KC3', '127', 'INIT', '-', 0, 0, 0, 0, 0, 0),
(700, '2020-12-01', 'KC4', '127', 'INIT', '-', 0, 0, 0, 0, 0, 0),
(701, '2020-12-01', 'KC5', '127', 'INIT', '-', 0, 0, 0, 0, 0, 0),
(702, '2020-12-01', 'KC6', '127', 'INIT', '-', 0, 0, 0, 0, 0, 0),
(703, '2020-12-01', 'KC1', '128', 'INIT', '-', 0, 0, 0, 0, 0, 0),
(704, '2020-12-01', 'KC2', '128', 'INIT', '-', 0, 0, 0, 0, 0, 0),
(705, '2020-12-01', 'KC3', '128', 'INIT', '-', 0, 0, 0, 0, 0, 0),
(706, '2020-12-01', 'KC4', '128', 'INIT', '-', 0, 0, 0, 0, 0, 0),
(707, '2020-12-01', 'KC5', '128', 'INIT', '-', 0, 0, 0, 0, 0, 0),
(708, '2020-12-01', 'KC6', '128', 'INIT', '-', 0, 0, 0, 0, 0, 0),
(709, '2020-12-01', 'KC1', '129', 'INIT', '-', 0, 0, 0, 0, 0, 0),
(710, '2020-12-01', 'KC2', '129', 'INIT', '-', 0, 0, 0, 0, 0, 0),
(711, '2020-12-01', 'KC3', '129', 'INIT', '-', 0, 0, 0, 0, 0, 0),
(712, '2020-12-01', 'KC4', '129', 'INIT', '-', 0, 0, 0, 0, 0, 0),
(713, '2020-12-01', 'KC5', '129', 'INIT', '-', 0, 0, 0, 0, 0, 0),
(714, '2020-12-01', 'KC6', '129', 'INIT', '-', 0, 0, 0, 0, 0, 0),
(715, '2020-12-01', 'KC1', '130', 'INIT', '-', 0, 0, 0, 0, 0, 0),
(716, '2020-12-01', 'KC2', '130', 'INIT', '-', 0, 0, 0, 0, 0, 0),
(717, '2020-12-01', 'KC3', '130', 'INIT', '-', 0, 0, 0, 0, 0, 0),
(718, '2020-12-01', 'KC4', '130', 'INIT', '-', 0, 0, 0, 0, 0, 0),
(719, '2020-12-01', 'KC5', '130', 'INIT', '-', 0, 0, 0, 0, 0, 0),
(720, '2020-12-01', 'KC6', '130', 'INIT', '-', 0, 0, 0, 0, 0, 0),
(721, '2020-12-01', 'KC1', '131', 'INIT', '-', 0, 0, 0, 0, 0, 0),
(722, '2020-12-01', 'KC2', '131', 'INIT', '-', 0, 0, 0, 0, 0, 0),
(723, '2020-12-01', 'KC3', '131', 'INIT', '-', 0, 0, 0, 0, 0, 0),
(724, '2020-12-01', 'KC4', '131', 'INIT', '-', 0, 0, 0, 0, 0, 0),
(725, '2020-12-01', 'KC5', '131', 'INIT', '-', 0, 0, 0, 0, 0, 0),
(726, '2020-12-01', 'KC6', '131', 'INIT', '-', 0, 0, 0, 0, 0, 0),
(727, '2020-12-01', 'KC1', '132', 'INIT', '-', 0, 0, 0, 0, 0, 0),
(728, '2020-12-01', 'KC2', '132', 'INIT', '-', 0, 0, 0, 0, 0, 0),
(729, '2020-12-01', 'KC3', '132', 'INIT', '-', 0, 0, 0, 0, 0, 0),
(730, '2020-12-01', 'KC4', '132', 'INIT', '-', 0, 0, 0, 0, 0, 0),
(731, '2020-12-01', 'KC5', '132', 'INIT', '-', 0, 0, 0, 0, 0, 0),
(732, '2020-12-01', 'KC6', '132', 'INIT', '-', 0, 0, 0, 0, 0, 0),
(733, '2020-12-01', 'KC1', '133', 'INIT', '-', 0, 0, 0, 0, 0, 0),
(734, '2020-12-01', 'KC2', '133', 'INIT', '-', 0, 0, 0, 0, 0, 0),
(735, '2020-12-01', 'KC3', '133', 'INIT', '-', 0, 0, 0, 0, 0, 0),
(736, '2020-12-01', 'KC4', '133', 'INIT', '-', 0, 0, 0, 0, 0, 0),
(737, '2020-12-01', 'KC5', '133', 'INIT', '-', 0, 0, 0, 0, 0, 0),
(738, '2020-12-01', 'KC6', '133', 'INIT', '-', 0, 0, 0, 0, 0, 0),
(739, '2020-12-01', 'KC1', '134', 'INIT', '-', 0, 0, 0, 0, 0, 0),
(740, '2020-12-01', 'KC2', '134', 'INIT', '-', 0, 0, 0, 0, 0, 0),
(741, '2020-12-01', 'KC3', '134', 'INIT', '-', 0, 0, 0, 0, 0, 0),
(742, '2020-12-01', 'KC4', '134', 'INIT', '-', 0, 0, 0, 0, 0, 0),
(743, '2020-12-01', 'KC5', '134', 'INIT', '-', 0, 0, 0, 0, 0, 0),
(744, '2020-12-01', 'KC6', '134', 'INIT', '-', 0, 0, 0, 0, 0, 0),
(745, '2020-12-01', 'KC1', '135', 'INIT', '-', 0, 0, 0, 0, 0, 0),
(746, '2020-12-01', 'KC2', '135', 'INIT', '-', 0, 0, 0, 0, 0, 0),
(747, '2020-12-01', 'KC3', '135', 'INIT', '-', 0, 0, 0, 0, 0, 0),
(748, '2020-12-01', 'KC4', '135', 'INIT', '-', 0, 0, 0, 0, 0, 0),
(749, '2020-12-01', 'KC5', '135', 'INIT', '-', 0, 0, 0, 0, 0, 0),
(750, '2020-12-01', 'KC6', '135', 'INIT', '-', 0, 0, 0, 0, 0, 0),
(751, '2020-12-01', 'KC1', '136', 'INIT', '-', 0, 0, 0, 0, 0, 0),
(752, '2020-12-01', 'KC2', '136', 'INIT', '-', 0, 0, 0, 0, 0, 0),
(753, '2020-12-01', 'KC3', '136', 'INIT', '-', 0, 0, 0, 0, 0, 0),
(754, '2020-12-01', 'KC4', '136', 'INIT', '-', 0, 0, 0, 0, 0, 0),
(755, '2020-12-01', 'KC5', '136', 'INIT', '-', 0, 0, 0, 0, 0, 0),
(756, '2020-12-01', 'KC6', '136', 'INIT', '-', 0, 0, 0, 0, 0, 0),
(757, '2020-12-01', 'KC1', '145', 'INIT', '-', 0, 0, 0, 0, 0, 0),
(758, '2020-12-01', 'KC2', '145', 'INIT', '-', 0, 0, 0, 0, 0, 0),
(759, '2020-12-01', 'KC3', '145', 'INIT', '-', 0, 0, 0, 0, 0, 0),
(760, '2020-12-01', 'KC4', '145', 'INIT', '-', 0, 0, 0, 0, 0, 0),
(761, '2020-12-01', 'KC5', '145', 'INIT', '-', 0, 0, 0, 0, 0, 0),
(762, '2020-12-01', 'KC6', '145', 'INIT', '-', 0, 0, 0, 0, 0, 0),
(763, '2020-12-01', 'KC1', '146', 'INIT', '-', 0, 0, 0, 0, 0, 0),
(764, '2020-12-01', 'KC2', '146', 'INIT', '-', 0, 0, 0, 0, 0, 0),
(765, '2020-12-01', 'KC3', '146', 'INIT', '-', 0, 0, 0, 0, 0, 0),
(766, '2020-12-01', 'KC4', '146', 'INIT', '-', 0, 0, 0, 0, 0, 0),
(767, '2020-12-01', 'KC5', '146', 'INIT', '-', 0, 0, 0, 0, 0, 0),
(768, '2020-12-01', 'KC6', '146', 'INIT', '-', 0, 0, 0, 0, 0, 0),
(769, '2020-12-01', 'KC1', '154', 'INIT', '-', 0, 0, 0, 0, 0, 0),
(770, '2020-12-01', 'KC2', '154', 'INIT', '-', 0, 0, 0, 0, 0, 0),
(771, '2020-12-01', 'KC3', '154', 'INIT', '-', 0, 0, 0, 0, 0, 0),
(772, '2020-12-01', 'KC4', '154', 'INIT', '-', 0, 0, 0, 0, 0, 0),
(773, '2020-12-01', 'KC5', '154', 'INIT', '-', 0, 0, 0, 0, 0, 0),
(774, '2020-12-01', 'KC6', '154', 'INIT', '-', 0, 0, 0, 0, 0, 0),
(775, '2020-12-01', 'KC1', '155', 'INIT', '-', 0, 0, 0, 0, 0, 0),
(776, '2020-12-01', 'KC2', '155', 'INIT', '-', 0, 0, 0, 0, 0, 0),
(777, '2020-12-01', 'KC3', '155', 'INIT', '-', 0, 0, 0, 0, 0, 0),
(778, '2020-12-01', 'KC4', '155', 'INIT', '-', 0, 0, 0, 0, 0, 0),
(779, '2020-12-01', 'KC5', '155', 'INIT', '-', 0, 0, 0, 0, 0, 0),
(780, '2020-12-01', 'KC6', '155', 'INIT', '-', 0, 0, 0, 0, 0, 0),
(781, '2020-12-01', 'KC1', '156', 'INIT', '-', 0, 0, 0, 0, 0, 0),
(782, '2020-12-01', 'KC2', '156', 'INIT', '-', 0, 0, 0, 0, 0, 0),
(783, '2020-12-01', 'KC3', '156', 'INIT', '-', 0, 0, 0, 0, 0, 0),
(784, '2020-12-01', 'KC4', '156', 'INIT', '-', 0, 0, 0, 0, 0, 0),
(785, '2020-12-01', 'KC5', '156', 'INIT', '-', 0, 0, 0, 0, 0, 0),
(786, '2020-12-01', 'KC6', '156', 'INIT', '-', 0, 0, 0, 0, 0, 0),
(787, '2020-12-01', 'KC1', '157', 'INIT', '-', 0, 0, 0, 0, 0, 0),
(788, '2020-12-01', 'KC2', '157', 'INIT', '-', 0, 0, 0, 0, 0, 0),
(789, '2020-12-01', 'KC3', '157', 'INIT', '-', 0, 0, 0, 0, 0, 0);
INSERT INTO `kartustok` (`kodekartustok`, `tanggal`, `kodecabang`, `kodebahan`, `jenis`, `noref`, `stokawal`, `debet`, `kredit`, `stokakhir`, `hargatrans`, `hargaavg`) VALUES
(790, '2020-12-01', 'KC4', '157', 'INIT', '-', 0, 0, 0, 0, 0, 0),
(791, '2020-12-01', 'KC5', '157', 'INIT', '-', 0, 0, 0, 0, 0, 0),
(792, '2020-12-01', 'KC6', '157', 'INIT', '-', 0, 0, 0, 0, 0, 0),
(793, '2020-12-01', 'KC1', '158', 'INIT', '-', 0, 0, 0, 0, 0, 0),
(794, '2020-12-01', 'KC2', '158', 'INIT', '-', 0, 0, 0, 0, 0, 0),
(795, '2020-12-01', 'KC3', '158', 'INIT', '-', 0, 0, 0, 0, 0, 0),
(796, '2020-12-01', 'KC4', '158', 'INIT', '-', 0, 0, 0, 0, 0, 0),
(797, '2020-12-01', 'KC5', '158', 'INIT', '-', 0, 0, 0, 0, 0, 0),
(798, '2020-12-01', 'KC6', '158', 'INIT', '-', 0, 0, 0, 0, 0, 0),
(799, '2020-12-01', 'KC1', '159', 'INIT', '-', 0, 0, 0, 0, 0, 0),
(800, '2020-12-01', 'KC2', '159', 'INIT', '-', 0, 0, 0, 0, 0, 0),
(801, '2020-12-01', 'KC3', '159', 'INIT', '-', 0, 0, 0, 0, 0, 0),
(802, '2020-12-01', 'KC4', '159', 'INIT', '-', 0, 0, 0, 0, 0, 0),
(803, '2020-12-01', 'KC5', '159', 'INIT', '-', 0, 0, 0, 0, 0, 0),
(804, '2020-12-01', 'KC6', '159', 'INIT', '-', 0, 0, 0, 0, 0, 0),
(805, '2020-12-01', 'KC1', '160', 'INIT', '-', 0, 0, 0, 0, 0, 0),
(806, '2020-12-01', 'KC2', '160', 'INIT', '-', 0, 0, 0, 0, 0, 0),
(807, '2020-12-01', 'KC3', '160', 'INIT', '-', 0, 0, 0, 0, 0, 0),
(808, '2020-12-01', 'KC4', '160', 'INIT', '-', 0, 0, 0, 0, 0, 0),
(809, '2020-12-01', 'KC5', '160', 'INIT', '-', 0, 0, 0, 0, 0, 0),
(810, '2020-12-01', 'KC6', '160', 'INIT', '-', 0, 0, 0, 0, 0, 0),
(811, '2020-12-01', 'KC1', '161', 'INIT', '-', 0, 0, 0, 0, 0, 0),
(812, '2020-12-01', 'KC2', '161', 'INIT', '-', 0, 0, 0, 0, 0, 0),
(813, '2020-12-01', 'KC3', '161', 'INIT', '-', 0, 0, 0, 0, 0, 0),
(814, '2020-12-01', 'KC4', '161', 'INIT', '-', 0, 0, 0, 0, 0, 0),
(815, '2020-12-01', 'KC5', '161', 'INIT', '-', 0, 0, 0, 0, 0, 0),
(816, '2020-12-01', 'KC6', '161', 'INIT', '-', 0, 0, 0, 0, 0, 0),
(817, '2020-12-01', 'KC1', '162', 'INIT', '-', 0, 0, 0, 0, 0, 0),
(818, '2020-12-01', 'KC2', '162', 'INIT', '-', 0, 0, 0, 0, 0, 0),
(819, '2020-12-01', 'KC3', '162', 'INIT', '-', 0, 0, 0, 0, 0, 0),
(820, '2020-12-01', 'KC4', '162', 'INIT', '-', 0, 0, 0, 0, 0, 0),
(821, '2020-12-01', 'KC5', '162', 'INIT', '-', 0, 0, 0, 0, 0, 0),
(822, '2020-12-01', 'KC6', '162', 'INIT', '-', 0, 0, 0, 0, 0, 0),
(823, '2020-12-01', 'KC1', '163', 'INIT', '-', 0, 0, 0, 0, 0, 0),
(824, '2020-12-01', 'KC2', '163', 'INIT', '-', 0, 0, 0, 0, 0, 0),
(825, '2020-12-01', 'KC3', '163', 'INIT', '-', 0, 0, 0, 0, 0, 0),
(826, '2020-12-01', 'KC4', '163', 'INIT', '-', 0, 0, 0, 0, 0, 0),
(827, '2020-12-01', 'KC5', '163', 'INIT', '-', 0, 0, 0, 0, 0, 0),
(828, '2020-12-01', 'KC6', '163', 'INIT', '-', 0, 0, 0, 0, 0, 0),
(829, '2020-12-01', 'KC1', '164', 'INIT', '-', 0, 0, 0, 0, 0, 0),
(830, '2020-12-01', 'KC2', '164', 'INIT', '-', 0, 0, 0, 0, 0, 0),
(831, '2020-12-01', 'KC3', '164', 'INIT', '-', 0, 0, 0, 0, 0, 0),
(832, '2020-12-01', 'KC4', '164', 'INIT', '-', 0, 0, 0, 0, 0, 0),
(833, '2020-12-01', 'KC5', '164', 'INIT', '-', 0, 0, 0, 0, 0, 0),
(834, '2020-12-01', 'KC6', '164', 'INIT', '-', 0, 0, 0, 0, 0, 0),
(835, '2020-12-01', 'KC1', '165', 'INIT', '-', 0, 0, 0, 0, 0, 0),
(836, '2020-12-01', 'KC2', '165', 'INIT', '-', 0, 0, 0, 0, 0, 0),
(837, '2020-12-01', 'KC3', '165', 'INIT', '-', 0, 0, 0, 0, 0, 0),
(838, '2020-12-01', 'KC4', '165', 'INIT', '-', 0, 0, 0, 0, 0, 0),
(839, '2020-12-01', 'KC5', '165', 'INIT', '-', 0, 0, 0, 0, 0, 0),
(840, '2020-12-01', 'KC6', '165', 'INIT', '-', 0, 0, 0, 0, 0, 0),
(841, '2020-12-01', 'KC1', '166', 'INIT', '-', 0, 0, 0, 0, 0, 0),
(842, '2020-12-01', 'KC2', '166', 'INIT', '-', 0, 0, 0, 0, 0, 0),
(843, '2020-12-01', 'KC3', '166', 'INIT', '-', 0, 0, 0, 0, 0, 0),
(844, '2020-12-01', 'KC4', '166', 'INIT', '-', 0, 0, 0, 0, 0, 0),
(845, '2020-12-01', 'KC5', '166', 'INIT', '-', 0, 0, 0, 0, 0, 0),
(846, '2020-12-01', 'KC6', '166', 'INIT', '-', 0, 0, 0, 0, 0, 0),
(847, '2020-12-01', 'KC1', '167', 'INIT', '-', 0, 0, 0, 0, 0, 0),
(848, '2020-12-01', 'KC2', '167', 'INIT', '-', 0, 0, 0, 0, 0, 0),
(849, '2020-12-01', 'KC3', '167', 'INIT', '-', 0, 0, 0, 0, 0, 0),
(850, '2020-12-01', 'KC4', '167', 'INIT', '-', 0, 0, 0, 0, 0, 0),
(851, '2020-12-01', 'KC5', '167', 'INIT', '-', 0, 0, 0, 0, 0, 0),
(852, '2020-12-01', 'KC6', '167', 'INIT', '-', 0, 0, 0, 0, 0, 0),
(853, '2020-12-01', 'KC1', '168', 'INIT', '-', 0, 0, 0, 0, 0, 0),
(854, '2020-12-01', 'KC2', '168', 'INIT', '-', 0, 0, 0, 0, 0, 0),
(855, '2020-12-01', 'KC3', '168', 'INIT', '-', 0, 0, 0, 0, 0, 0),
(856, '2020-12-01', 'KC4', '168', 'INIT', '-', 0, 0, 0, 0, 0, 0),
(857, '2020-12-01', 'KC5', '168', 'INIT', '-', 0, 0, 0, 0, 0, 0),
(858, '2020-12-01', 'KC6', '168', 'INIT', '-', 0, 0, 0, 0, 0, 0),
(859, '2020-12-01', 'KC1', '169', 'INIT', '-', 0, 0, 0, 0, 0, 0),
(860, '2020-12-01', 'KC2', '169', 'INIT', '-', 0, 0, 0, 0, 0, 0),
(861, '2020-12-01', 'KC3', '169', 'INIT', '-', 0, 0, 0, 0, 0, 0),
(862, '2020-12-01', 'KC4', '169', 'INIT', '-', 0, 0, 0, 0, 0, 0),
(863, '2020-12-01', 'KC5', '169', 'INIT', '-', 0, 0, 0, 0, 0, 0),
(864, '2020-12-01', 'KC6', '169', 'INIT', '-', 0, 0, 0, 0, 0, 0),
(865, '2020-12-01', 'KC1', '170', 'INIT', '-', 0, 0, 0, 0, 0, 0),
(866, '2020-12-01', 'KC2', '170', 'INIT', '-', 0, 0, 0, 0, 0, 0),
(867, '2020-12-01', 'KC3', '170', 'INIT', '-', 0, 0, 0, 0, 0, 0),
(868, '2020-12-01', 'KC4', '170', 'INIT', '-', 0, 0, 0, 0, 0, 0),
(869, '2020-12-01', 'KC5', '170', 'INIT', '-', 0, 0, 0, 0, 0, 0),
(870, '2020-12-01', 'KC6', '170', 'INIT', '-', 0, 0, 0, 0, 0, 0),
(871, '2020-12-01', 'KC1', '171', 'INIT', '-', 0, 0, 0, 0, 0, 0),
(872, '2020-12-01', 'KC2', '171', 'INIT', '-', 0, 0, 0, 0, 0, 0),
(873, '2020-12-01', 'KC3', '171', 'INIT', '-', 0, 0, 0, 0, 0, 0),
(874, '2020-12-01', 'KC4', '171', 'INIT', '-', 0, 0, 0, 0, 0, 0),
(875, '2020-12-01', 'KC5', '171', 'INIT', '-', 0, 0, 0, 0, 0, 0),
(876, '2020-12-01', 'KC6', '171', 'INIT', '-', 0, 0, 0, 0, 0, 0),
(877, '2020-12-01', 'KC1', '172', 'INIT', '-', 0, 0, 0, 0, 0, 0),
(878, '2020-12-01', 'KC2', '172', 'INIT', '-', 0, 0, 0, 0, 0, 0),
(879, '2020-12-01', 'KC3', '172', 'INIT', '-', 0, 0, 0, 0, 0, 0),
(880, '2020-12-01', 'KC4', '172', 'INIT', '-', 0, 0, 0, 0, 0, 0),
(881, '2020-12-01', 'KC5', '172', 'INIT', '-', 0, 0, 0, 0, 0, 0),
(882, '2020-12-01', 'KC6', '172', 'INIT', '-', 0, 0, 0, 0, 0, 0),
(883, '2020-12-01', 'KC1', '173', 'INIT', '-', 0, 0, 0, 0, 0, 0),
(884, '2020-12-01', 'KC2', '173', 'INIT', '-', 0, 0, 0, 0, 0, 0),
(885, '2020-12-01', 'KC3', '173', 'INIT', '-', 0, 0, 0, 0, 0, 0),
(886, '2020-12-01', 'KC4', '173', 'INIT', '-', 0, 0, 0, 0, 0, 0),
(887, '2020-12-01', 'KC5', '173', 'INIT', '-', 0, 0, 0, 0, 0, 0),
(888, '2020-12-01', 'KC6', '173', 'INIT', '-', 0, 0, 0, 0, 0, 0),
(889, '2020-12-01', 'KC1', '174', 'INIT', '-', 0, 0, 0, 0, 0, 0),
(890, '2020-12-01', 'KC2', '174', 'INIT', '-', 0, 0, 0, 0, 0, 0),
(891, '2020-12-01', 'KC3', '174', 'INIT', '-', 0, 0, 0, 0, 0, 0),
(892, '2020-12-01', 'KC4', '174', 'INIT', '-', 0, 0, 0, 0, 0, 0),
(893, '2020-12-01', 'KC5', '174', 'INIT', '-', 0, 0, 0, 0, 0, 0),
(894, '2020-12-01', 'KC6', '174', 'INIT', '-', 0, 0, 0, 0, 0, 0),
(895, '2020-12-01', 'KC1', '175', 'INIT', '-', 0, 0, 0, 0, 0, 0),
(896, '2020-12-01', 'KC2', '175', 'INIT', '-', 0, 0, 0, 0, 0, 0),
(897, '2020-12-01', 'KC3', '175', 'INIT', '-', 0, 0, 0, 0, 0, 0),
(898, '2020-12-01', 'KC4', '175', 'INIT', '-', 0, 0, 0, 0, 0, 0),
(899, '2020-12-01', 'KC5', '175', 'INIT', '-', 0, 0, 0, 0, 0, 0),
(900, '2020-12-01', 'KC6', '175', 'INIT', '-', 0, 0, 0, 0, 0, 0),
(901, '2020-12-01', 'KC1', '176', 'INIT', '-', 0, 0, 0, 0, 0, 0),
(902, '2020-12-01', 'KC2', '176', 'INIT', '-', 0, 0, 0, 0, 0, 0),
(903, '2020-12-01', 'KC3', '176', 'INIT', '-', 0, 0, 0, 0, 0, 0),
(904, '2020-12-01', 'KC4', '176', 'INIT', '-', 0, 0, 0, 0, 0, 0),
(905, '2020-12-01', 'KC5', '176', 'INIT', '-', 0, 0, 0, 0, 0, 0),
(906, '2020-12-01', 'KC6', '176', 'INIT', '-', 0, 0, 0, 0, 0, 0),
(907, '2020-12-01', 'KC1', '177', 'INIT', '-', 0, 0, 0, 0, 0, 0),
(908, '2020-12-01', 'KC2', '177', 'INIT', '-', 0, 0, 0, 0, 0, 0),
(909, '2020-12-01', 'KC3', '177', 'INIT', '-', 0, 0, 0, 0, 0, 0),
(910, '2020-12-01', 'KC4', '177', 'INIT', '-', 0, 0, 0, 0, 0, 0),
(911, '2020-12-01', 'KC5', '177', 'INIT', '-', 0, 0, 0, 0, 0, 0),
(912, '2020-12-01', 'KC6', '177', 'INIT', '-', 0, 0, 0, 0, 0, 0),
(913, '2020-12-01', 'KC1', '178', 'INIT', '-', 0, 0, 0, 0, 0, 0),
(914, '2020-12-01', 'KC2', '178', 'INIT', '-', 0, 0, 0, 0, 0, 0),
(915, '2020-12-01', 'KC3', '178', 'INIT', '-', 0, 0, 0, 0, 0, 0),
(916, '2020-12-01', 'KC4', '178', 'INIT', '-', 0, 0, 0, 0, 0, 0),
(917, '2020-12-01', 'KC5', '178', 'INIT', '-', 0, 0, 0, 0, 0, 0),
(918, '2020-12-01', 'KC6', '178', 'INIT', '-', 0, 0, 0, 0, 0, 0),
(919, '2020-12-01', 'KC1', '179', 'INIT', '-', 0, 0, 0, 0, 0, 0),
(920, '2020-12-01', 'KC2', '179', 'INIT', '-', 0, 0, 0, 0, 0, 0),
(921, '2020-12-01', 'KC3', '179', 'INIT', '-', 0, 0, 0, 0, 0, 0),
(922, '2020-12-01', 'KC4', '179', 'INIT', '-', 0, 0, 0, 0, 0, 0),
(923, '2020-12-01', 'KC5', '179', 'INIT', '-', 0, 0, 0, 0, 0, 0),
(924, '2020-12-01', 'KC6', '179', 'INIT', '-', 0, 0, 0, 0, 0, 0),
(925, '2020-12-01', 'KC1', '180', 'INIT', '-', 0, 0, 0, 0, 0, 0),
(926, '2020-12-01', 'KC2', '180', 'INIT', '-', 0, 0, 0, 0, 0, 0),
(927, '2020-12-01', 'KC3', '180', 'INIT', '-', 0, 0, 0, 0, 0, 0),
(928, '2020-12-01', 'KC4', '180', 'INIT', '-', 0, 0, 0, 0, 0, 0),
(929, '2020-12-01', 'KC5', '180', 'INIT', '-', 0, 0, 0, 0, 0, 0),
(930, '2020-12-01', 'KC6', '180', 'INIT', '-', 0, 0, 0, 0, 0, 0),
(931, '2020-12-01', 'KC1', '181', 'INIT', '-', 0, 0, 0, 0, 0, 0),
(932, '2020-12-01', 'KC2', '181', 'INIT', '-', 0, 0, 0, 0, 0, 0),
(933, '2020-12-01', 'KC3', '181', 'INIT', '-', 0, 0, 0, 0, 0, 0),
(934, '2020-12-01', 'KC4', '181', 'INIT', '-', 0, 0, 0, 0, 0, 0),
(935, '2020-12-01', 'KC5', '181', 'INIT', '-', 0, 0, 0, 0, 0, 0),
(936, '2020-12-01', 'KC6', '181', 'INIT', '-', 0, 0, 0, 0, 0, 0),
(937, '2020-12-01', 'KC1', '182', 'INIT', '-', 0, 0, 0, 0, 0, 0),
(938, '2020-12-01', 'KC2', '182', 'INIT', '-', 0, 0, 0, 0, 0, 0),
(939, '2020-12-01', 'KC3', '182', 'INIT', '-', 0, 0, 0, 0, 0, 0),
(940, '2020-12-01', 'KC4', '182', 'INIT', '-', 0, 0, 0, 0, 0, 0),
(941, '2020-12-01', 'KC5', '182', 'INIT', '-', 0, 0, 0, 0, 0, 0),
(942, '2020-12-01', 'KC6', '182', 'INIT', '-', 0, 0, 0, 0, 0, 0),
(943, '2020-12-01', 'KC1', '183', 'INIT', '-', 0, 0, 0, 0, 0, 0),
(944, '2020-12-01', 'KC2', '183', 'INIT', '-', 0, 0, 0, 0, 0, 0),
(945, '2020-12-01', 'KC3', '183', 'INIT', '-', 0, 0, 0, 0, 0, 0),
(946, '2020-12-01', 'KC4', '183', 'INIT', '-', 0, 0, 0, 0, 0, 0),
(947, '2020-12-01', 'KC5', '183', 'INIT', '-', 0, 0, 0, 0, 0, 0),
(948, '2020-12-01', 'KC6', '183', 'INIT', '-', 0, 0, 0, 0, 0, 0),
(949, '2020-12-01', 'KC1', '184', 'INIT', '-', 0, 0, 0, 0, 0, 0),
(950, '2020-12-01', 'KC2', '184', 'INIT', '-', 0, 0, 0, 0, 0, 0),
(951, '2020-12-01', 'KC3', '184', 'INIT', '-', 0, 0, 0, 0, 0, 0),
(952, '2020-12-01', 'KC4', '184', 'INIT', '-', 0, 0, 0, 0, 0, 0),
(953, '2020-12-01', 'KC5', '184', 'INIT', '-', 0, 0, 0, 0, 0, 0),
(954, '2020-12-01', 'KC6', '184', 'INIT', '-', 0, 0, 0, 0, 0, 0),
(955, '2020-12-01', 'KC1', '185', 'INIT', '-', 0, 0, 0, 0, 0, 0),
(956, '2020-12-01', 'KC2', '185', 'INIT', '-', 0, 0, 0, 0, 0, 0),
(957, '2020-12-01', 'KC3', '185', 'INIT', '-', 0, 0, 0, 0, 0, 0),
(958, '2020-12-01', 'KC4', '185', 'INIT', '-', 0, 0, 0, 0, 0, 0),
(959, '2020-12-01', 'KC5', '185', 'INIT', '-', 0, 0, 0, 0, 0, 0),
(960, '2020-12-01', 'KC6', '185', 'INIT', '-', 0, 0, 0, 0, 0, 0),
(961, '2020-12-01', 'KC1', '186', 'INIT', '-', 0, 0, 0, 0, 0, 0),
(962, '2020-12-01', 'KC2', '186', 'INIT', '-', 0, 0, 0, 0, 0, 0),
(963, '2020-12-01', 'KC3', '186', 'INIT', '-', 0, 0, 0, 0, 0, 0),
(964, '2020-12-01', 'KC4', '186', 'INIT', '-', 0, 0, 0, 0, 0, 0),
(965, '2020-12-01', 'KC5', '186', 'INIT', '-', 0, 0, 0, 0, 0, 0),
(966, '2020-12-01', 'KC6', '186', 'INIT', '-', 0, 0, 0, 0, 0, 0),
(967, '2020-12-01', 'KC1', '187', 'INIT', '-', 0, 0, 0, 0, 0, 0),
(968, '2020-12-01', 'KC2', '187', 'INIT', '-', 0, 0, 0, 0, 0, 0),
(969, '2020-12-01', 'KC3', '187', 'INIT', '-', 0, 0, 0, 0, 0, 0),
(970, '2020-12-01', 'KC4', '187', 'INIT', '-', 0, 0, 0, 0, 0, 0),
(971, '2020-12-01', 'KC5', '187', 'INIT', '-', 0, 0, 0, 0, 0, 0),
(972, '2020-12-01', 'KC6', '187', 'INIT', '-', 0, 0, 0, 0, 0, 0),
(973, '2020-12-01', 'KC1', '188', 'INIT', '-', 0, 0, 0, 0, 0, 0),
(974, '2020-12-01', 'KC2', '188', 'INIT', '-', 0, 0, 0, 0, 0, 0),
(975, '2020-12-01', 'KC3', '188', 'INIT', '-', 0, 0, 0, 0, 0, 0),
(976, '2020-12-01', 'KC4', '188', 'INIT', '-', 0, 0, 0, 0, 0, 0),
(977, '2020-12-01', 'KC5', '188', 'INIT', '-', 0, 0, 0, 0, 0, 0),
(978, '2020-12-01', 'KC6', '188', 'INIT', '-', 0, 0, 0, 0, 0, 0),
(979, '2020-12-01', 'KC1', '189', 'INIT', '-', 0, 0, 0, 0, 0, 0),
(980, '2020-12-01', 'KC2', '189', 'INIT', '-', 0, 0, 0, 0, 0, 0),
(981, '2020-12-01', 'KC3', '189', 'INIT', '-', 0, 0, 0, 0, 0, 0),
(982, '2020-12-01', 'KC4', '189', 'INIT', '-', 0, 0, 0, 0, 0, 0),
(983, '2020-12-01', 'KC5', '189', 'INIT', '-', 0, 0, 0, 0, 0, 0),
(984, '2020-12-01', 'KC6', '189', 'INIT', '-', 0, 0, 0, 0, 0, 0),
(985, '2020-12-01', 'KC1', '190', 'INIT', '-', 0, 0, 0, 0, 0, 0),
(986, '2020-12-01', 'KC2', '190', 'INIT', '-', 0, 0, 0, 0, 0, 0),
(987, '2020-12-01', 'KC3', '190', 'INIT', '-', 0, 0, 0, 0, 0, 0),
(988, '2020-12-01', 'KC4', '190', 'INIT', '-', 0, 0, 0, 0, 0, 0),
(989, '2020-12-01', 'KC5', '190', 'INIT', '-', 0, 0, 0, 0, 0, 0),
(990, '2020-12-01', 'KC6', '190', 'INIT', '-', 0, 0, 0, 0, 0, 0),
(991, '2020-12-01', 'KC1', '191', 'INIT', '-', 0, 0, 0, 0, 0, 0),
(992, '2020-12-01', 'KC2', '191', 'INIT', '-', 0, 0, 0, 0, 0, 0),
(993, '2020-12-01', 'KC3', '191', 'INIT', '-', 0, 0, 0, 0, 0, 0),
(994, '2020-12-01', 'KC4', '191', 'INIT', '-', 0, 0, 0, 0, 0, 0),
(995, '2020-12-01', 'KC5', '191', 'INIT', '-', 0, 0, 0, 0, 0, 0),
(996, '2020-12-01', 'KC6', '191', 'INIT', '-', 0, 0, 0, 0, 0, 0),
(997, '2020-12-01', 'KC1', '192', 'INIT', '-', 0, 0, 0, 0, 0, 0),
(998, '2020-12-01', 'KC2', '192', 'INIT', '-', 0, 0, 0, 0, 0, 0),
(999, '2020-12-01', 'KC3', '192', 'INIT', '-', 0, 0, 0, 0, 0, 0),
(1000, '2020-12-01', 'KC4', '192', 'INIT', '-', 0, 0, 0, 0, 0, 0),
(1001, '2020-12-01', 'KC5', '192', 'INIT', '-', 0, 0, 0, 0, 0, 0),
(1002, '2020-12-01', 'KC6', '192', 'INIT', '-', 0, 0, 0, 0, 0, 0),
(1003, '2020-12-01', 'KC1', '193', 'INIT', '-', 0, 0, 0, 0, 0, 0),
(1004, '2020-12-01', 'KC2', '193', 'INIT', '-', 0, 0, 0, 0, 0, 0),
(1005, '2020-12-01', 'KC3', '193', 'INIT', '-', 0, 0, 0, 0, 0, 0),
(1006, '2020-12-01', 'KC4', '193', 'INIT', '-', 0, 0, 0, 0, 0, 0),
(1007, '2020-12-01', 'KC5', '193', 'INIT', '-', 0, 0, 0, 0, 0, 0),
(1008, '2020-12-01', 'KC6', '193', 'INIT', '-', 0, 0, 0, 0, 0, 0),
(1009, '2020-12-01', 'KC1', '194', 'INIT', '-', 0, 0, 0, 0, 0, 0),
(1010, '2020-12-01', 'KC2', '194', 'INIT', '-', 0, 0, 0, 0, 0, 0),
(1011, '2020-12-01', 'KC3', '194', 'INIT', '-', 0, 0, 0, 0, 0, 0),
(1012, '2020-12-01', 'KC4', '194', 'INIT', '-', 0, 0, 0, 0, 0, 0),
(1013, '2020-12-01', 'KC5', '194', 'INIT', '-', 0, 0, 0, 0, 0, 0),
(1014, '2020-12-01', 'KC6', '194', 'INIT', '-', 0, 0, 0, 0, 0, 0),
(1015, '2020-12-01', 'KC1', '195', 'INIT', '-', 0, 0, 0, 0, 0, 0),
(1016, '2020-12-01', 'KC2', '195', 'INIT', '-', 0, 0, 0, 0, 0, 0),
(1017, '2020-12-01', 'KC3', '195', 'INIT', '-', 0, 0, 0, 0, 0, 0),
(1018, '2020-12-01', 'KC4', '195', 'INIT', '-', 0, 0, 0, 0, 0, 0),
(1019, '2020-12-01', 'KC5', '195', 'INIT', '-', 0, 0, 0, 0, 0, 0),
(1020, '2020-12-01', 'KC6', '195', 'INIT', '-', 0, 0, 0, 0, 0, 0),
(1021, '2020-12-01', 'KC1', '196', 'INIT', '-', 0, 0, 0, 0, 0, 0),
(1022, '2020-12-01', 'KC2', '196', 'INIT', '-', 0, 0, 0, 0, 0, 0),
(1023, '2020-12-01', 'KC3', '196', 'INIT', '-', 0, 0, 0, 0, 0, 0),
(1024, '2020-12-01', 'KC4', '196', 'INIT', '-', 0, 0, 0, 0, 0, 0),
(1025, '2020-12-01', 'KC5', '196', 'INIT', '-', 0, 0, 0, 0, 0, 0),
(1026, '2020-12-01', 'KC6', '196', 'INIT', '-', 0, 0, 0, 0, 0, 0),
(1027, '2020-12-01', 'KC1', '197', 'INIT', '-', 0, 0, 0, 0, 0, 0),
(1028, '2020-12-01', 'KC2', '197', 'INIT', '-', 0, 0, 0, 0, 0, 0),
(1029, '2020-12-01', 'KC3', '197', 'INIT', '-', 0, 0, 0, 0, 0, 0),
(1030, '2020-12-01', 'KC4', '197', 'INIT', '-', 0, 0, 0, 0, 0, 0),
(1031, '2020-12-01', 'KC5', '197', 'INIT', '-', 0, 0, 0, 0, 0, 0),
(1032, '2020-12-01', 'KC6', '197', 'INIT', '-', 0, 0, 0, 0, 0, 0),
(1033, '2020-12-01', 'KC1', '198', 'INIT', '-', 0, 0, 0, 0, 0, 0),
(1034, '2020-12-01', 'KC2', '198', 'INIT', '-', 0, 0, 0, 0, 0, 0),
(1035, '2020-12-01', 'KC3', '198', 'INIT', '-', 0, 0, 0, 0, 0, 0),
(1036, '2020-12-01', 'KC4', '198', 'INIT', '-', 0, 0, 0, 0, 0, 0),
(1037, '2020-12-01', 'KC5', '198', 'INIT', '-', 0, 0, 0, 0, 0, 0),
(1038, '2020-12-01', 'KC6', '198', 'INIT', '-', 0, 0, 0, 0, 0, 0),
(1039, '2020-12-01', 'KC1', '199', 'INIT', '-', 0, 0, 0, 0, 0, 0),
(1040, '2020-12-01', 'KC2', '199', 'INIT', '-', 0, 0, 0, 0, 0, 0),
(1041, '2020-12-01', 'KC3', '199', 'INIT', '-', 0, 0, 0, 0, 0, 0),
(1042, '2020-12-01', 'KC4', '199', 'INIT', '-', 0, 0, 0, 0, 0, 0),
(1043, '2020-12-01', 'KC5', '199', 'INIT', '-', 0, 0, 0, 0, 0, 0),
(1044, '2020-12-01', 'KC6', '199', 'INIT', '-', 0, 0, 0, 0, 0, 0),
(1045, '2020-12-01', 'KC1', '200', 'INIT', '-', 0, 0, 0, 0, 0, 0),
(1046, '2020-12-01', 'KC2', '200', 'INIT', '-', 0, 0, 0, 0, 0, 0),
(1047, '2020-12-01', 'KC3', '200', 'INIT', '-', 0, 0, 0, 0, 0, 0),
(1048, '2020-12-01', 'KC4', '200', 'INIT', '-', 0, 0, 0, 0, 0, 0),
(1049, '2020-12-01', 'KC5', '200', 'INIT', '-', 0, 0, 0, 0, 0, 0),
(1050, '2020-12-01', 'KC6', '200', 'INIT', '-', 0, 0, 0, 0, 0, 0),
(1051, '2020-12-01', 'KC1', '201', 'INIT', '-', 0, 0, 0, 0, 0, 0),
(1052, '2020-12-01', 'KC2', '201', 'INIT', '-', 0, 0, 0, 0, 0, 0),
(1053, '2020-12-01', 'KC3', '201', 'INIT', '-', 0, 0, 0, 0, 0, 0),
(1054, '2020-12-01', 'KC4', '201', 'INIT', '-', 0, 0, 0, 0, 0, 0),
(1055, '2020-12-01', 'KC5', '201', 'INIT', '-', 0, 0, 0, 0, 0, 0),
(1056, '2020-12-01', 'KC6', '201', 'INIT', '-', 0, 0, 0, 0, 0, 0),
(1057, '2020-12-01', 'KC1', '202', 'INIT', '-', 0, 0, 0, 0, 0, 0),
(1058, '2020-12-01', 'KC2', '202', 'INIT', '-', 0, 0, 0, 0, 0, 0),
(1059, '2020-12-01', 'KC3', '202', 'INIT', '-', 0, 0, 0, 0, 0, 0),
(1060, '2020-12-01', 'KC4', '202', 'INIT', '-', 0, 0, 0, 0, 0, 0),
(1061, '2020-12-01', 'KC5', '202', 'INIT', '-', 0, 0, 0, 0, 0, 0),
(1062, '2020-12-01', 'KC6', '202', 'INIT', '-', 0, 0, 0, 0, 0, 0),
(1063, '2020-12-01', 'KC1', '203', 'INIT', '-', 0, 0, 0, 0, 0, 0),
(1064, '2020-12-01', 'KC2', '203', 'INIT', '-', 0, 0, 0, 0, 0, 0),
(1065, '2020-12-01', 'KC3', '203', 'INIT', '-', 0, 0, 0, 0, 0, 0),
(1066, '2020-12-01', 'KC4', '203', 'INIT', '-', 0, 0, 0, 0, 0, 0),
(1067, '2020-12-01', 'KC5', '203', 'INIT', '-', 0, 0, 0, 0, 0, 0),
(1068, '2020-12-01', 'KC6', '203', 'INIT', '-', 0, 0, 0, 0, 0, 0),
(1069, '2020-12-01', 'KC1', '204', 'INIT', '-', 0, 0, 0, 0, 0, 0),
(1070, '2020-12-01', 'KC2', '204', 'INIT', '-', 0, 0, 0, 0, 0, 0),
(1071, '2020-12-01', 'KC3', '204', 'INIT', '-', 0, 0, 0, 0, 0, 0),
(1072, '2020-12-01', 'KC4', '204', 'INIT', '-', 0, 0, 0, 0, 0, 0),
(1073, '2020-12-01', 'KC5', '204', 'INIT', '-', 0, 0, 0, 0, 0, 0),
(1074, '2020-12-01', 'KC6', '204', 'INIT', '-', 0, 0, 0, 0, 0, 0),
(1075, '2020-12-01', 'KC1', '205', 'INIT', '-', 0, 0, 0, 0, 0, 0),
(1076, '2020-12-01', 'KC2', '205', 'INIT', '-', 0, 0, 0, 0, 0, 0),
(1077, '2020-12-01', 'KC3', '205', 'INIT', '-', 0, 0, 0, 0, 0, 0),
(1078, '2020-12-01', 'KC4', '205', 'INIT', '-', 0, 0, 0, 0, 0, 0),
(1079, '2020-12-01', 'KC5', '205', 'INIT', '-', 0, 0, 0, 0, 0, 0),
(1080, '2020-12-01', 'KC6', '205', 'INIT', '-', 0, 0, 0, 0, 0, 0),
(1081, '2020-12-01', 'KC1', '206', 'INIT', '-', 0, 0, 0, 0, 0, 0),
(1082, '2020-12-01', 'KC2', '206', 'INIT', '-', 0, 0, 0, 0, 0, 0),
(1083, '2020-12-01', 'KC3', '206', 'INIT', '-', 0, 0, 0, 0, 0, 0),
(1084, '2020-12-01', 'KC4', '206', 'INIT', '-', 0, 0, 0, 0, 0, 0),
(1085, '2020-12-01', 'KC5', '206', 'INIT', '-', 0, 0, 0, 0, 0, 0),
(1086, '2020-12-01', 'KC6', '206', 'INIT', '-', 0, 0, 0, 0, 0, 0),
(1087, '2020-12-01', 'KC1', '207', 'INIT', '-', 0, 0, 0, 0, 0, 0),
(1088, '2020-12-01', 'KC2', '207', 'INIT', '-', 0, 0, 0, 0, 0, 0),
(1089, '2020-12-01', 'KC3', '207', 'INIT', '-', 0, 0, 0, 0, 0, 0),
(1090, '2020-12-01', 'KC4', '207', 'INIT', '-', 0, 0, 0, 0, 0, 0),
(1091, '2020-12-01', 'KC5', '207', 'INIT', '-', 0, 0, 0, 0, 0, 0),
(1092, '2020-12-01', 'KC6', '207', 'INIT', '-', 0, 0, 0, 0, 0, 0),
(1093, '2020-12-01', 'KC1', '208', 'INIT', '-', 0, 0, 0, 0, 0, 0),
(1094, '2020-12-01', 'KC2', '208', 'INIT', '-', 0, 0, 0, 0, 0, 0),
(1095, '2020-12-01', 'KC3', '208', 'INIT', '-', 0, 0, 0, 0, 0, 0),
(1096, '2020-12-01', 'KC4', '208', 'INIT', '-', 0, 0, 0, 0, 0, 0),
(1097, '2020-12-01', 'KC5', '208', 'INIT', '-', 0, 0, 0, 0, 0, 0),
(1098, '2020-12-01', 'KC6', '208', 'INIT', '-', 0, 0, 0, 0, 0, 0),
(1099, '2020-12-01', 'KC1', '209', 'INIT', '-', 0, 0, 0, 0, 0, 0),
(1100, '2020-12-01', 'KC2', '209', 'INIT', '-', 0, 0, 0, 0, 0, 0),
(1101, '2020-12-01', 'KC3', '209', 'INIT', '-', 0, 0, 0, 0, 0, 0),
(1102, '2020-12-01', 'KC4', '209', 'INIT', '-', 0, 0, 0, 0, 0, 0),
(1103, '2020-12-01', 'KC5', '209', 'INIT', '-', 0, 0, 0, 0, 0, 0),
(1104, '2020-12-01', 'KC6', '209', 'INIT', '-', 0, 0, 0, 0, 0, 0),
(1105, '2020-12-01', 'KC1', '210', 'INIT', '-', 0, 0, 0, 0, 0, 0),
(1106, '2020-12-01', 'KC2', '210', 'INIT', '-', 0, 0, 0, 0, 0, 0),
(1107, '2020-12-01', 'KC3', '210', 'INIT', '-', 0, 0, 0, 0, 0, 0),
(1108, '2020-12-01', 'KC4', '210', 'INIT', '-', 0, 0, 0, 0, 0, 0),
(1109, '2020-12-01', 'KC5', '210', 'INIT', '-', 0, 0, 0, 0, 0, 0),
(1110, '2020-12-01', 'KC6', '210', 'INIT', '-', 0, 0, 0, 0, 0, 0),
(1111, '2020-12-01', 'KC1', '211', 'INIT', '-', 0, 0, 0, 0, 0, 0),
(1112, '2020-12-01', 'KC2', '211', 'INIT', '-', 0, 0, 0, 0, 0, 0),
(1113, '2020-12-01', 'KC3', '211', 'INIT', '-', 0, 0, 0, 0, 0, 0),
(1114, '2020-12-01', 'KC4', '211', 'INIT', '-', 0, 0, 0, 0, 0, 0),
(1115, '2020-12-01', 'KC5', '211', 'INIT', '-', 0, 0, 0, 0, 0, 0),
(1116, '2020-12-01', 'KC6', '211', 'INIT', '-', 0, 0, 0, 0, 0, 0),
(1117, '2020-12-05', 'KC1', '197', 'PENERIMAAN', 'TR2020001', 0, 50, 0, 50, 45000, 45000),
(1118, '2020-12-05', 'KC1', '179', 'PENERIMAAN', 'TR2020001', 0, 50, 0, 50, 35000, 35000),
(1119, '2020-12-05', 'KC1', '4', 'PENERIMAAN', 'TR2020001', 0, 50, 0, 50, 30000, 30000),
(1120, '2020-12-05', 'KC1', '5', 'PENERIMAAN', 'TR2020001', 0, 50, 0, 50, 25000, 25000),
(1121, '2020-12-05', 'KC1', '157', 'PENERIMAAN', 'TR2020002', 0, 50, 0, 50, 30000, 30000),
(1122, '2020-12-05', 'KC1', '191', 'PENERIMAAN', 'TR2020002', 0, 50, 0, 50, 30000, 30000),
(1123, '2020-12-05', 'KC1', '192', 'PENERIMAAN', 'TR2020002', 0, 50, 0, 50, 3000, 3000),
(1124, '2020-12-05', 'KC1', '41', 'PENERIMAAN', 'TR2020002', 0, 50, 0, 50, 20000, 20000),
(1125, '2020-12-05', 'KC1', '7', 'PENERIMAAN', 'TR2020002', 0, 10, 0, 10, 300000, 300000),
(1126, '2020-12-05', 'KC1', '210', 'PENERIMAAN', 'TR2020003', 0, 50, 0, 50, 40000, 40000),
(1127, '2020-12-05', 'KC1', '206', 'PENERIMAAN', 'TR2020003', 0, 50, 0, 50, 90000, 90000),
(1128, '2020-12-05', 'KC1', '40', 'PENERIMAAN', 'TR2020003', 0, 50, 0, 50, 68000, 68000),
(1129, '2020-12-05', 'KC1', '28', 'PENERIMAAN', 'TR2020004', 0, 50, 0, 50, 50000, 50000),
(1130, '2020-12-05', 'KC1', '157', 'PENERIMAAN', 'TR2020004', 50, 50, 0, 100, 30000, 30000),
(1131, '2020-12-05', 'KC1', '39', 'PENERIMAAN', 'TR2020005', 0, 50, 0, 50, 39000, 39000),
(1132, '2020-12-05', 'KC1', '159', 'PENERIMAAN', 'TR2020005', 0, 50, 0, 50, 120000, 120000),
(1133, '2020-12-05', 'KC1', '38', 'PENERIMAAN', 'TR2020005', 0, 50, 0, 50, 25000, 25000),
(1134, '2020-12-05', 'KC1', '17', 'PENERIMAAN', 'TR2020005', 0, 50, 0, 50, 30000, 30000),
(1135, '2020-12-05', 'KC1', '31', 'PENERIMAAN', 'TR2020006', 0, 100, 0, 100, 30000, 30000),
(1136, '2020-12-05', 'KC1', '30', 'PENERIMAAN', 'TR2020006', 0, 100, 0, 100, 75000, 75000),
(1137, '2020-12-05', 'KC1', '10', 'PENERIMAAN', 'TR2020006', 0, 100, 0, 100, 200000, 200000),
(1138, '2020-12-05', 'KC1', '194', 'PENERIMAAN', 'TR2020006', 0, 100, 0, 100, 70000, 70000),
(1139, '2020-12-05', 'KC1', '170', 'PENERIMAAN', 'TR2020006', 0, 100, 0, 100, 15000, 15000),
(1140, '2020-12-05', 'KC1', '36', 'PENERIMAAN', 'TR2020007', 0, 50, 0, 50, 45000, 45000),
(1141, '2020-12-05', 'KC1', '163', 'PENERIMAAN', 'TR2020007', 0, 100, 0, 100, 50000, 50000),
(1142, '2020-12-05', 'KC1', '181', 'PENERIMAAN', 'TR2020007', 0, 100, 0, 100, 60000, 60000),
(1143, '2020-12-08', 'KC1', '162', 'PENERIMAAN', 'TR2020008', 0, 50, 0, 50, 40000, 40000),
(1144, '2020-12-08', 'KC1', '158', 'PENERIMAAN', 'TR2020008', 0, 30, 0, 30, 20000, 20000),
(1145, '2020-12-08', 'KC1', '182', 'PENERIMAAN', 'TR2020008', 0, 50, 0, 50, 72000, 72000),
(1146, '2020-12-08', 'KC1', '25', 'PENERIMAAN', 'TR2020008', 0, 100, 0, 100, 28000, 28000),
(1147, '2020-12-08', 'KC1', '3', 'PENERIMAAN', 'TR2020008', 0, 50, 0, 50, 25500, 25500),
(1148, '2020-12-08', 'KC1', '207', 'PENERIMAAN', 'TR2020008', 0, 50, 0, 50, 36000, 36000),
(1149, '2020-12-08', 'KC1', '199', 'PENERIMAAN', 'TR2020009', 0, 100, 0, 100, 7000, 7000),
(1150, '2020-12-08', 'KC1', '29', 'PENERIMAAN', 'TR2020010', 0, 50, 0, 50, 27500, 27500),
(1151, '2020-12-08', 'KC1', '205', 'PENERIMAAN', 'TR2020010', 0, 20, 0, 20, 60000, 60000),
(1152, '2020-12-08', 'KC1', '186', 'PENERIMAAN', 'TR2020011', 0, 50, 0, 50, 230000, 230000),
(1153, '2020-12-08', 'KC1', '196', 'PENERIMAAN', 'TR2020011', 0, 50, 0, 50, 14000, 14000),
(1154, '2020-12-08', 'KC1', '173', 'PENERIMAAN', 'TR2020011', 0, 40, 0, 40, 25000, 25000),
(1155, '2020-12-08', 'KC1', '190', 'PENERIMAAN', 'TR2020011', 0, 50, 0, 50, 40000, 40000),
(1156, '2020-12-08', 'KC1', '203', 'PENERIMAAN', 'TR2020011', 0, 60, 0, 60, 7000, 7000),
(1157, '2020-12-09', 'KC2', '197', 'DIS_MASUK', 'DDIS2020001', 0, 5, 0, 5, 0, 0),
(1158, '2020-12-09', 'KC2', '179', 'DIS_MASUK', 'DDIS2020001', 0, 5, 0, 5, 0, 0),
(1159, '2020-12-09', 'KC2', '5', 'DIS_MASUK', 'DDIS2020001', 0, 5, 0, 5, 0, 0),
(1160, '2020-12-09', 'KC3', '197', 'DIS_MASUK', 'DDIS2020002', 0, 5, 0, 5, 0, 0),
(1161, '2020-12-09', 'KC3', '179', 'DIS_MASUK', 'DDIS2020002', 0, 5, 0, 5, 0, 0),
(1162, '2020-12-09', 'KC3', '5', 'DIS_MASUK', 'DDIS2020002', 0, 5, 0, 5, 0, 0),
(1163, '2020-12-09', 'KC3', '4', 'DIS_MASUK', 'DDIS2020002', 0, 5, 0, 5, 0, 0),
(1164, '2020-12-09', 'KC3', '38', 'DIS_MASUK', 'DDIS2020002', 0, 5, 0, 5, 0, 0),
(1165, '2020-12-09', 'KC3', '39', 'DIS_MASUK', 'DDIS2020002', 0, 5, 0, 5, 0, 0),
(1166, '2020-12-09', 'KC3', '196', 'DIS_MASUK', 'DDIS2020002', 0, 5, 0, 5, 0, 0),
(1167, '2020-12-09', 'KC4', '197', 'DIS_MASUK', 'DDIS2020003', 0, 5, 0, 5, 0, 0),
(1168, '2020-12-09', 'KC4', '179', 'DIS_MASUK', 'DDIS2020003', 0, 5, 0, 5, 0, 0),
(1169, '2020-12-09', 'KC4', '4', 'DIS_MASUK', 'DDIS2020003', 0, 5, 0, 5, 0, 0),
(1170, '2020-12-09', 'KC4', '5', 'DIS_MASUK', 'DDIS2020003', 0, 5, 0, 5, 0, 0),
(1171, '2020-12-09', 'KC4', '38', 'DIS_MASUK', 'DDIS2020003', 0, 5, 0, 5, 0, 0),
(1172, '2020-12-09', 'KC4', '39', 'DIS_MASUK', 'DDIS2020003', 0, 5, 0, 5, 0, 0),
(1173, '2020-12-09', 'KC4', '196', 'DIS_MASUK', 'DDIS2020003', 0, 5, 0, 5, 0, 0),
(1174, '2020-12-09', 'KC4', '28', 'DIS_MASUK', 'DDIS2020003', 0, 5, 0, 5, 0, 0),
(1175, '2020-12-09', 'KC4', '29', 'DIS_MASUK', 'DDIS2020003', 0, 5, 0, 5, 0, 0),
(1176, '2020-12-09', 'KC4', '30', 'DIS_MASUK', 'DDIS2020003', 0, 5, 0, 5, 0, 0),
(1177, '2020-12-09', 'KC5', '197', 'DIS_MASUK', 'DDIS2020004', 0, 5, 0, 5, 0, 0),
(1178, '2020-12-09', 'KC5', '179', 'DIS_MASUK', 'DDIS2020004', 0, 5, 0, 5, 0, 0),
(1179, '2020-12-09', 'KC5', '5', 'DIS_MASUK', 'DDIS2020004', 0, 5, 0, 5, 0, 0),
(1180, '2020-12-09', 'KC5', '4', 'DIS_MASUK', 'DDIS2020004', 0, 5, 0, 5, 0, 0),
(1181, '2020-12-09', 'KC5', '38', 'DIS_MASUK', 'DDIS2020004', 0, 5, 0, 5, 0, 0),
(1182, '2020-12-09', 'KC5', '39', 'DIS_MASUK', 'DDIS2020004', 0, 5, 0, 5, 0, 0),
(1183, '2020-12-09', 'KC5', '196', 'DIS_MASUK', 'DDIS2020004', 0, 5, 0, 5, 0, 0),
(1184, '2020-12-09', 'KC5', '28', 'DIS_MASUK', 'DDIS2020004', 0, 5, 0, 5, 0, 0),
(1185, '2020-12-09', 'KC5', '29', 'DIS_MASUK', 'DDIS2020004', 0, 5, 0, 5, 0, 0),
(1186, '2020-12-09', 'KC5', '30', 'DIS_MASUK', 'DDIS2020004', 0, 5, 0, 5, 0, 0),
(1187, '2020-12-09', 'KC5', '205', 'DIS_MASUK', 'DDIS2020004', 0, 5, 0, 5, 0, 0),
(1188, '2020-12-09', 'KC5', '206', 'DIS_MASUK', 'DDIS2020004', 0, 5, 0, 5, 0, 0),
(1189, '2020-12-09', 'KC5', '207', 'DIS_MASUK', 'DDIS2020004', 0, 5, 0, 5, 0, 0),
(1190, '2020-12-09', 'KC5', '3', 'DIS_MASUK', 'DDIS2020004', 0, 5, 0, 5, 0, 0),
(1191, '2021-05-16', 'KC1', '197', 'DIS_KELUAR', 'DDIS2021002', 50, 0, 8, 42, 45000, 45000),
(1192, '2021-05-16', 'KC3', '197', 'DIS_MASUK', 'DDIS2021002', 5, 6, 0, 11, 0, 0),
(1193, '2021-05-16', 'KC3', '4', 'ZERO_INV', '7', 5, 0, 5, 0, 0, 0);

-- --------------------------------------------------------

--
-- Table structure for table `karyawan`
--

CREATE TABLE `karyawan` (
  `kodekaryawan` varchar(5) NOT NULL,
  `kodecabang` varchar(5) NOT NULL,
  `username` varchar(20) NOT NULL,
  `password` text NOT NULL,
  `nama` varchar(30) NOT NULL,
  `tanggalmulai` date NOT NULL,
  `noidentitas` varchar(20) NOT NULL,
  `nomertelp` varchar(15) NOT NULL,
  `jabatan` varchar(15) NOT NULL,
  `status` varchar(10) NOT NULL
) ENGINE=InnoDB DEFAULT CHARSET=utf8mb4;

--
-- Dumping data for table `karyawan`
--

INSERT INTO `karyawan` (`kodekaryawan`, `kodecabang`, `username`, `password`, `nama`, `tanggalmulai`, `noidentitas`, `nomertelp`, `jabatan`, `status`) VALUES
('DJ01', 'KC2', 'dermawanjoko', '123456', 'DERMAWAN JOKO', '2010-06-01', '357808098287004', '081553763773', 'KEPALA GUDANG', 'AKTIF'),
('DS01', 'KC1', 'davinsetya', 'davin01', 'DAVIN SETYA', '2020-12-01', '35770707787012', '081563763746', 'KEPALA GUDANG', 'AKTIF'),
('DW01', 'KC1', 'dwimas', 'dwimas01', 'DWIMAS', '2021-01-02', '3577070778701233', '085766347363', 'OPERATOR', 'AKTIF'),
('FD1', 'KC1', 'felixdjaja', 'djaja', 'FELIX DJAJA', '0000-00-00', '357707066687008', '081553763774', 'ADMIN', 'AKTIF'),
('K010', 'KC6', 'nita99', 'nita123', 'NITA ANWAR', '2021-01-02', '3578089905990004', '081809663456', 'OPERATOR', 'AKTIF'),
('NR01', 'KC5', 'norrianto', 'Rianto01', 'NORMAN RIANTO', '2020-12-12', '357707076587002', '085766346222', 'OPERATOR', 'AKTIF'),
('OP1', 'KC3', 'yawan', '1234', 'MURNIYAWAN', '2015-04-01', '357808066687002', '081553763773', 'OPERATOR', 'AKTIF'),
('OP2', 'KC2', 'Heni', '12345', 'HENI LUTFI', '2010-04-01', '357707066687008', '081553763775', 'OPERATOR', 'AKTIF'),
('OP3', 'KC4', 'anwar11', '123456', 'ANWAR TIWI', '2010-06-01', '357808098287004', '081553763773', 'OPERATOR', 'AKTIF'),
('PA01', 'KC1', 'putraad', '123456', 'PUTERA ADHIGUNA', '2010-04-01', '357808066687002', '081553763773', 'KEPALA GUDANG', 'NONAKTIF');

-- --------------------------------------------------------

--
-- Table structure for table `konversisatuan`
--

CREATE TABLE `konversisatuan` (
  `kodekonversi` int(11) NOT NULL,
  `kodebahan` int(11) NOT NULL,
  `kodesatuan1` varchar(5) NOT NULL,
  `kodesatuan2` varchar(5) NOT NULL,
  `nilaikonversi` decimal(6,2) NOT NULL
) ENGINE=InnoDB DEFAULT CHARSET=utf8mb4;

--
-- Dumping data for table `konversisatuan`
--

INSERT INTO `konversisatuan` (`kodekonversi`, `kodebahan`, `kodesatuan1`, `kodesatuan2`, `nilaikonversi`) VALUES
(3, 5, 'KG', 'GR', '750.00'),
(4, 6, 'KG', 'GR', '100.00'),
(5, 7, 'KG', 'GR', '250.00'),
(6, 4, 'KG', 'GR', '400.00'),
(7, 10, 'GL', 'GR', '500.00'),
(8, 17, 'LTR', 'GR', '10.00'),
(9, 21, 'KG', 'GR', '20.00'),
(12, 17, 'GL', 'GR', '12.00'),
(14, 3, 'KG', 'KG', '1.00'),
(15, 4, 'PCS', 'PCS', '1.00'),
(16, 5, 'PCS', 'PCS', '1.00'),
(17, 6, 'PCK', 'PCK', '1.00'),
(18, 7, 'SAK', 'SAK', '1.00'),
(19, 8, 'PORSI', 'PORSI', '1.00'),
(20, 9, 'PORSI', 'PORSI', '1.00'),
(21, 10, 'GL', 'GL', '1.00'),
(22, 11, 'PORSI', 'PORSI', '1.00'),
(23, 16, 'KG', 'KG', '1.00'),
(24, 17, 'PCS', 'PCS', '1.00'),
(25, 21, 'KG', 'KG', '1.00'),
(26, 23, 'PCS', 'PCS', '1.00'),
(27, 24, 'PCS', 'PCS', '1.00'),
(28, 25, 'PCS', 'PCS', '1.00'),
(29, 26, 'PCS', 'PCS', '1.00'),
(30, 27, 'PCS', 'PCS', '1.00'),
(31, 28, 'GL', 'GL', '1.00'),
(32, 29, 'PCS', 'PCS', '1.00'),
(33, 30, 'GL', 'GL', '1.00'),
(34, 31, 'GL', 'GL', '1.00'),
(35, 32, 'PCS', 'PCS', '1.00'),
(36, 33, 'PCS', 'PCS', '1.00'),
(37, 34, 'PCS', 'PCS', '1.00'),
(38, 35, 'PCS', 'PCS', '1.00'),
(39, 36, 'PCS', 'PCS', '1.00'),
(40, 37, 'PCS', 'PCS', '1.00'),
(41, 38, 'PCS', 'PCS', '1.00'),
(42, 39, 'PCS', 'PCS', '1.00'),
(43, 40, 'GL', 'GL', '1.00'),
(44, 41, 'KG', 'KG', '1.00'),
(45, 42, 'PORSI', 'PORSI', '1.00'),
(46, 43, 'PORSI', 'PORSI', '1.00'),
(47, 44, 'PORSI', 'PORSI', '1.00'),
(48, 45, 'PCS', 'PCS', '1.00'),
(49, 46, 'PCS', 'PCS', '1.00'),
(50, 47, 'PCS', 'PCS', '1.00'),
(51, 48, 'PORSI', 'PORSI', '1.00'),
(52, 49, 'PORSI', 'PORSI', '1.00'),
(53, 50, 'PCS', 'PCS', '1.00'),
(54, 51, 'PCS', 'PCS', '1.00'),
(55, 52, 'PORSI', 'PORSI', '1.00'),
(56, 53, 'PORSI', 'PORSI', '1.00'),
(57, 54, 'PORSI', 'PORSI', '1.00'),
(58, 55, 'PORSI', 'PORSI', '1.00'),
(59, 56, 'PORSI', 'PORSI', '1.00'),
(60, 57, 'PORSI', 'PORSI', '1.00'),
(61, 58, 'PORSI', 'PORSI', '1.00'),
(62, 59, 'PORSI', 'PORSI', '1.00'),
(63, 60, 'PORSI', 'PORSI', '1.00'),
(64, 61, 'PORSI', 'PORSI', '1.00'),
(65, 62, 'PORSI', 'PORSI', '1.00'),
(66, 63, 'PORSI', 'PORSI', '1.00'),
(67, 64, 'PORSI', 'PORSI', '1.00'),
(68, 65, 'PORSI', 'PORSI', '1.00'),
(69, 66, 'PORSI', 'PORSI', '1.00'),
(70, 67, 'PORSI', 'PORSI', '1.00'),
(71, 68, 'PORSI', 'PORSI', '1.00'),
(72, 69, 'PORSI', 'PORSI', '1.00'),
(73, 70, 'PORSI', 'PORSI', '1.00'),
(74, 71, 'PORSI', 'PORSI', '1.00'),
(75, 72, 'PORSI', 'PORSI', '1.00'),
(76, 73, 'PORSI', 'PORSI', '1.00'),
(77, 74, 'PORSI', 'PORSI', '1.00'),
(78, 75, 'PORSI', 'PORSI', '1.00'),
(79, 76, 'PORSI', 'PORSI', '1.00'),
(80, 77, 'PORSI', 'PORSI', '1.00'),
(81, 78, 'PORSI', 'PORSI', '1.00'),
(82, 79, 'PORSI', 'PORSI', '1.00'),
(83, 80, 'PORSI', 'PORSI', '1.00'),
(84, 81, 'PORSI', 'PORSI', '1.00'),
(85, 82, 'PORSI', 'PORSI', '1.00'),
(86, 83, 'PORSI', 'PORSI', '1.00'),
(87, 84, 'PORSI', 'PORSI', '1.00'),
(88, 85, 'PORSI', 'PORSI', '1.00'),
(89, 86, 'PORSI', 'PORSI', '1.00'),
(90, 87, 'PORSI', 'PORSI', '1.00'),
(91, 88, 'PORSI', 'PORSI', '1.00'),
(92, 89, 'PORSI', 'PORSI', '1.00'),
(93, 90, 'PORSI', 'PORSI', '1.00'),
(94, 91, 'PORSI', 'PORSI', '1.00'),
(95, 92, 'PORSI', 'PORSI', '1.00'),
(96, 93, 'PORSI', 'PORSI', '1.00'),
(97, 94, 'PORSI', 'PORSI', '1.00'),
(98, 95, 'PORSI', 'PORSI', '1.00'),
(99, 96, 'PORSI', 'PORSI', '1.00'),
(100, 97, 'PORSI', 'PORSI', '1.00'),
(101, 98, 'PORSI', 'PORSI', '1.00'),
(102, 99, 'PORSI', 'PORSI', '1.00'),
(103, 100, 'PORSI', 'PORSI', '1.00'),
(104, 101, 'PORSI', 'PORSI', '1.00'),
(105, 102, 'PORSI', 'PORSI', '1.00'),
(106, 103, 'PORSI', 'PORSI', '1.00'),
(107, 104, 'PORSI', 'PORSI', '1.00'),
(108, 105, 'PORSI', 'PORSI', '1.00'),
(109, 106, 'PORSI', 'PORSI', '1.00'),
(110, 107, 'PORSI', 'PORSI', '1.00'),
(111, 108, 'PORSI', 'PORSI', '1.00'),
(112, 109, 'PORSI', 'PORSI', '1.00'),
(113, 110, 'PORSI', 'PORSI', '1.00'),
(114, 111, 'PORSI', 'PORSI', '1.00'),
(115, 112, 'PORSI', 'PORSI', '1.00'),
(116, 113, 'PORSI', 'PORSI', '1.00'),
(117, 114, 'PORSI', 'PORSI', '1.00'),
(118, 115, 'PORSI', 'PORSI', '1.00'),
(119, 116, 'PORSI', 'PORSI', '1.00'),
(120, 117, 'PCS', 'PCS', '1.00'),
(121, 118, 'PORSI', 'PORSI', '1.00'),
(122, 119, 'PORSI', 'PORSI', '1.00'),
(123, 120, 'PORSI', 'PORSI', '1.00'),
(124, 121, 'PORSI', 'PORSI', '1.00'),
(125, 122, 'PORSI', 'PORSI', '1.00'),
(126, 123, 'PORSI', 'PORSI', '1.00'),
(127, 124, 'PORSI', 'PORSI', '1.00'),
(128, 125, 'PORSI', 'PORSI', '1.00'),
(129, 126, 'PORSI', 'PORSI', '1.00'),
(130, 127, 'PORSI', 'PORSI', '1.00'),
(131, 128, 'PORSI', 'PORSI', '1.00'),
(132, 129, 'PORSI', 'PORSI', '1.00'),
(133, 130, 'PORSI', 'PORSI', '1.00'),
(134, 131, 'PORSI', 'PORSI', '1.00'),
(135, 132, 'PORSI', 'PORSI', '1.00'),
(136, 133, 'PORSI', 'PORSI', '1.00'),
(137, 134, 'PORSI', 'PORSI', '1.00'),
(138, 135, 'PORSI', 'PORSI', '1.00'),
(139, 136, 'PORSI', 'PORSI', '1.00'),
(140, 145, 'PORSI', 'PORSI', '1.00'),
(141, 146, 'PORSI', 'PORSI', '1.00'),
(142, 154, 'KG', 'KG', '1.00'),
(143, 155, 'PCK', 'PCK', '1.00'),
(144, 156, 'KG', 'KG', '1.00'),
(145, 157, 'PCK', 'PCK', '1.00'),
(146, 158, 'KG', 'KG', '1.00'),
(147, 159, 'PCK', 'PCK', '1.00'),
(148, 160, 'KG', 'KG', '1.00'),
(149, 161, 'PCK', 'PCK', '1.00'),
(150, 162, 'PCK', 'PCK', '1.00'),
(151, 163, 'KG', 'KG', '1.00'),
(152, 164, 'KG', 'KG', '1.00'),
(153, 165, 'KG', 'KG', '1.00'),
(154, 166, 'KG', 'KG', '1.00'),
(155, 167, 'KG', 'KG', '1.00'),
(156, 168, 'KG', 'KG', '1.00'),
(157, 169, 'KG', 'KG', '1.00'),
(158, 170, 'PCK', 'PCK', '1.00'),
(159, 171, 'PCK', 'PCK', '1.00'),
(160, 172, 'PCK', 'PCK', '1.00'),
(161, 173, 'PCK', 'PCK', '1.00'),
(162, 174, 'KG', 'KG', '1.00'),
(163, 175, 'PCK', 'PCK', '1.00'),
(164, 176, 'KG', 'KG', '1.00'),
(165, 177, 'PCK', 'PCK', '1.00'),
(166, 178, 'GR', 'GR', '1.00'),
(167, 179, 'GL', 'GL', '1.00'),
(168, 180, 'PCK', 'PCK', '1.00'),
(169, 181, 'KG', 'KG', '1.00'),
(170, 182, 'KG', 'KG', '1.00'),
(171, 183, 'PCK', 'PCK', '1.00'),
(172, 184, 'PCK', 'PCK', '1.00'),
(173, 185, 'PCK', 'PCK', '1.00'),
(174, 186, 'GL', 'GL', '1.00'),
(175, 187, 'PCK', 'PCK', '1.00'),
(176, 188, 'PCK', 'PCK', '1.00'),
(177, 189, 'PCK', 'PCK', '1.00'),
(178, 190, 'PCK', 'PCK', '1.00'),
(179, 191, 'KG', 'KG', '1.00'),
(180, 192, 'KG', 'KG', '1.00'),
(181, 193, 'PCK', 'PCK', '1.00'),
(182, 194, 'GL', 'GL', '1.00'),
(183, 195, 'PCK', 'PCK', '1.00'),
(184, 196, 'PCK', 'PCK', '1.00'),
(185, 197, 'PCK', 'PCK', '1.00'),
(186, 198, 'PCK', 'PCK', '1.00'),
(187, 199, 'GL', 'GL', '1.00'),
(188, 200, 'KG', 'KG', '1.00'),
(189, 201, 'KG', 'KG', '1.00'),
(190, 202, 'PCK', 'PCK', '1.00'),
(191, 203, 'PCK', 'PCK', '1.00'),
(192, 204, 'PCK', 'PCK', '1.00'),
(193, 205, 'PCK', 'PCK', '1.00'),
(194, 206, 'KG', 'KG', '1.00'),
(195, 207, 'KG', 'KG', '1.00'),
(196, 208, 'KG', 'KG', '1.00'),
(197, 209, 'PCK', 'PCK', '1.00'),
(198, 210, 'KG', 'KG', '1.00'),
(199, 211, 'GL', 'GL', '1.00');

-- --------------------------------------------------------

--
-- Table structure for table `member`
--

CREATE TABLE `member` (
  `kodemember` varchar(8) NOT NULL,
  `namamember` varchar(30) NOT NULL,
  `emailmember` varchar(30) NOT NULL,
  `kotamember` varchar(30) NOT NULL,
  `alamatrumahmember` varchar(50) NOT NULL,
  `tanggallahirmember` date NOT NULL,
  `notelpmember` int(12) NOT NULL,
  `status` varchar(11) NOT NULL
) ENGINE=InnoDB DEFAULT CHARSET=utf8mb4;

--
-- Dumping data for table `member`
--

INSERT INTO `member` (`kodemember`, `namamember`, `emailmember`, `kotamember`, `alamatrumahmember`, `tanggallahirmember`, `notelpmember`, `status`) VALUES
('M0001', 'GUEST', 'guest@gmail.com', 'SURABAYA', '-', '2021-01-01', 0, 'AKTIF');

-- --------------------------------------------------------

--
-- Table structure for table `paketmenu`
--

CREATE TABLE `paketmenu` (
  `kodepaket` varchar(5) NOT NULL,
  `namapaket` varchar(30) NOT NULL,
  `harga` int(11) NOT NULL,
  `status` varchar(10) NOT NULL
) ENGINE=InnoDB DEFAULT CHARSET=utf8mb4;

--
-- Dumping data for table `paketmenu`
--

INSERT INTO `paketmenu` (`kodepaket`, `namapaket`, `harga`, `status`) VALUES
('MRDK1', 'MERDEKA 1', 70000, 'AKTIF'),
('MRDK2', 'MERDEKA 2', 80000, 'AKTIF'),
('MRDK3', 'MERDEKA 3', 90000, 'AKTIF'),
('MRDK4', 'MERDEKA4', 55000, 'AKTIF'),
('MRDK5', 'MERDEKA 5', 60000, 'AKTIF'),
('PK006', 'COMBO HEMAT 1', 39900, 'AKTIF'),
('PK007', 'COMBO HEMAT 2', 49900, 'AKTIF');

-- --------------------------------------------------------

--
-- Table structure for table `penyesuaianstok`
--

CREATE TABLE `penyesuaianstok` (
  `idpenyesuaian` int(11) NOT NULL,
  `tanggal` date NOT NULL,
  `kodeoutlet` varchar(5) NOT NULL,
  `username` varchar(20) NOT NULL,
  `kodebahan` int(11) NOT NULL,
  `stokawal` int(11) NOT NULL,
  `stokakhir` int(11) NOT NULL,
  `alasan` varchar(20) NOT NULL
) ENGINE=InnoDB DEFAULT CHARSET=utf8mb4;

--
-- Dumping data for table `penyesuaianstok`
--

INSERT INTO `penyesuaianstok` (`idpenyesuaian`, `tanggal`, `kodeoutlet`, `username`, `kodebahan`, `stokawal`, `stokakhir`, `alasan`) VALUES
(7, '2021-05-16', 'KC3', 'yawan', 4, 8, 0, 'Zero Inventory');

-- --------------------------------------------------------

--
-- Table structure for table `satuan`
--

CREATE TABLE `satuan` (
  `kodesatuan` varchar(5) NOT NULL,
  `namasatuan` varchar(10) NOT NULL
) ENGINE=InnoDB DEFAULT CHARSET=utf8mb4;

--
-- Dumping data for table `satuan`
--

INSERT INTO `satuan` (`kodesatuan`, `namasatuan`) VALUES
('GL', 'GALON'),
('GR', 'GRAM'),
('KG', 'KILOGRAM'),
('LTR', 'LITER'),
('ML', 'MILILITER'),
('PCK', 'PACK'),
('PCS', 'PIECES'),
('PORSI', 'PORSI'),
('SAK', 'SAK');

-- --------------------------------------------------------

--
-- Table structure for table `stokcabang`
--

CREATE TABLE `stokcabang` (
  `kodebahan` int(11) NOT NULL,
  `kodecabang` varchar(5) NOT NULL,
  `stok` int(11) NOT NULL
) ENGINE=InnoDB DEFAULT CHARSET=utf8mb4;

--
-- Dumping data for table `stokcabang`
--

INSERT INTO `stokcabang` (`kodebahan`, `kodecabang`, `stok`) VALUES
(3, 'KC1', 50),
(3, 'KC2', 0),
(3, 'KC3', 0),
(3, 'KC4', 0),
(3, 'KC5', 5),
(3, 'KC6', 0),
(4, 'KC1', 50),
(4, 'KC2', 0),
(4, 'KC3', 0),
(4, 'KC4', 5),
(4, 'KC5', 5),
(4, 'KC6', 0),
(5, 'KC1', 50),
(5, 'KC2', 5),
(5, 'KC3', 5),
(5, 'KC4', 5),
(5, 'KC5', 5),
(5, 'KC6', 0),
(6, 'KC1', 0),
(6, 'KC2', 0),
(6, 'KC3', 0),
(6, 'KC4', 0),
(6, 'KC5', 0),
(6, 'KC6', 0),
(7, 'KC1', 10),
(7, 'KC2', 0),
(7, 'KC3', 0),
(7, 'KC4', 0),
(7, 'KC5', 0),
(7, 'KC6', 0),
(8, 'KC1', 0),
(8, 'KC2', 0),
(8, 'KC3', 0),
(8, 'KC4', 0),
(8, 'KC5', 0),
(8, 'KC6', 0),
(9, 'KC1', 0),
(9, 'KC2', 0),
(9, 'KC3', 0),
(9, 'KC4', 0),
(9, 'KC5', 0),
(9, 'KC6', 0),
(10, 'KC1', 100),
(10, 'KC2', 0),
(10, 'KC3', 0),
(10, 'KC4', 0),
(10, 'KC5', 0),
(10, 'KC6', 0),
(11, 'KC1', 0),
(11, 'KC2', 0),
(11, 'KC3', 0),
(11, 'KC4', 0),
(11, 'KC5', 0),
(11, 'KC6', 0),
(16, 'KC1', 0),
(16, 'KC2', 0),
(16, 'KC3', 0),
(16, 'KC4', 0),
(16, 'KC5', 0),
(16, 'KC6', 0),
(17, 'KC1', 50),
(17, 'KC2', 0),
(17, 'KC3', 0),
(17, 'KC4', 0),
(17, 'KC5', 0),
(17, 'KC6', 0),
(21, 'KC1', 0),
(21, 'KC2', 0),
(21, 'KC3', 0),
(21, 'KC4', 0),
(21, 'KC5', 0),
(21, 'KC6', 0),
(23, 'KC1', 0),
(23, 'KC2', 0),
(23, 'KC3', 0),
(23, 'KC4', 0),
(23, 'KC5', 0),
(23, 'KC6', 0),
(24, 'KC1', 0),
(24, 'KC2', 0),
(24, 'KC3', 0),
(24, 'KC4', 0),
(24, 'KC5', 0),
(24, 'KC6', 0),
(25, 'KC1', 100),
(25, 'KC2', 0),
(25, 'KC3', 0),
(25, 'KC4', 0),
(25, 'KC5', 0),
(25, 'KC6', 0),
(26, 'KC1', 0),
(26, 'KC2', 0),
(26, 'KC3', 0),
(26, 'KC4', 0),
(26, 'KC5', 0),
(26, 'KC6', 0),
(27, 'KC1', 0),
(27, 'KC2', 0),
(27, 'KC3', 0),
(27, 'KC4', 0),
(27, 'KC5', 0),
(27, 'KC6', 0),
(28, 'KC1', 50),
(28, 'KC2', 0),
(28, 'KC3', 0),
(28, 'KC4', 5),
(28, 'KC5', 5),
(28, 'KC6', 0),
(29, 'KC1', 50),
(29, 'KC2', 0),
(29, 'KC3', 0),
(29, 'KC4', 5),
(29, 'KC5', 5),
(29, 'KC6', 0),
(30, 'KC1', 100),
(30, 'KC2', 0),
(30, 'KC3', 0),
(30, 'KC4', 5),
(30, 'KC5', 5),
(30, 'KC6', 0),
(31, 'KC1', 100),
(31, 'KC2', 0),
(31, 'KC3', 0),
(31, 'KC4', 0),
(31, 'KC5', 0),
(31, 'KC6', 0),
(32, 'KC1', 0),
(32, 'KC2', 0),
(32, 'KC3', 0),
(32, 'KC4', 0),
(32, 'KC5', 0),
(32, 'KC6', 0),
(33, 'KC1', 0),
(33, 'KC2', 0),
(33, 'KC3', 0),
(33, 'KC4', 0),
(33, 'KC5', 0),
(33, 'KC6', 0),
(34, 'KC1', 0),
(34, 'KC2', 0),
(34, 'KC3', 0),
(34, 'KC4', 0),
(34, 'KC5', 0),
(34, 'KC6', 0),
(35, 'KC1', 0),
(35, 'KC2', 0),
(35, 'KC3', 0),
(35, 'KC4', 0),
(35, 'KC5', 0),
(35, 'KC6', 0),
(36, 'KC1', 50),
(36, 'KC2', 0),
(36, 'KC3', 0),
(36, 'KC4', 0),
(36, 'KC5', 0),
(36, 'KC6', 0),
(37, 'KC1', 0),
(37, 'KC2', 0),
(37, 'KC3', 0),
(37, 'KC4', 0),
(37, 'KC5', 0),
(37, 'KC6', 0),
(38, 'KC1', 50),
(38, 'KC2', 0),
(38, 'KC3', 5),
(38, 'KC4', 5),
(38, 'KC5', 5),
(38, 'KC6', 0),
(39, 'KC1', 50),
(39, 'KC2', 0),
(39, 'KC3', 5),
(39, 'KC4', 5),
(39, 'KC5', 5),
(39, 'KC6', 0),
(40, 'KC1', 50),
(40, 'KC2', 0),
(40, 'KC3', 0),
(40, 'KC4', 0),
(40, 'KC5', 0),
(40, 'KC6', 0),
(41, 'KC1', 50),
(41, 'KC2', 0),
(41, 'KC3', 0),
(41, 'KC4', 0),
(41, 'KC5', 0),
(41, 'KC6', 0),
(42, 'KC1', 0),
(42, 'KC2', 0),
(42, 'KC3', 0),
(42, 'KC4', 0),
(42, 'KC5', 0),
(42, 'KC6', 0),
(43, 'KC1', 0),
(43, 'KC2', 0),
(43, 'KC3', 0),
(43, 'KC4', 0),
(43, 'KC5', 0),
(43, 'KC6', 0),
(44, 'KC1', 0),
(44, 'KC2', 0),
(44, 'KC3', 0),
(44, 'KC4', 0),
(44, 'KC5', 0),
(44, 'KC6', 0),
(45, 'KC1', 0),
(45, 'KC2', 0),
(45, 'KC3', 0),
(45, 'KC4', 0),
(45, 'KC5', 0),
(45, 'KC6', 0),
(46, 'KC1', 0),
(46, 'KC2', 0),
(46, 'KC3', 0),
(46, 'KC4', 0),
(46, 'KC5', 0),
(46, 'KC6', 0),
(47, 'KC1', 0),
(47, 'KC2', 0),
(47, 'KC3', 0),
(47, 'KC4', 0),
(47, 'KC5', 0),
(47, 'KC6', 0),
(48, 'KC1', 0),
(48, 'KC2', 0),
(48, 'KC3', 0),
(48, 'KC4', 0),
(48, 'KC5', 0),
(48, 'KC6', 0),
(49, 'KC1', 0),
(49, 'KC2', 0),
(49, 'KC3', 0),
(49, 'KC4', 0),
(49, 'KC5', 0),
(49, 'KC6', 0),
(50, 'KC1', 0),
(50, 'KC2', 0),
(50, 'KC3', 0),
(50, 'KC4', 0),
(50, 'KC5', 0),
(50, 'KC6', 0),
(51, 'KC1', 0),
(51, 'KC2', 0),
(51, 'KC3', 0),
(51, 'KC4', 0),
(51, 'KC5', 0),
(51, 'KC6', 0),
(52, 'KC1', 0),
(52, 'KC2', 0),
(52, 'KC3', 0),
(52, 'KC4', 0),
(52, 'KC5', 0),
(52, 'KC6', 0),
(53, 'KC1', 0),
(53, 'KC2', 0),
(53, 'KC3', 0),
(53, 'KC4', 0),
(53, 'KC5', 0),
(53, 'KC6', 0),
(54, 'KC1', 0),
(54, 'KC2', 0),
(54, 'KC3', 0),
(54, 'KC4', 0),
(54, 'KC5', 0),
(54, 'KC6', 0),
(55, 'KC1', 0),
(55, 'KC2', 0),
(55, 'KC3', 0),
(55, 'KC4', 0),
(55, 'KC5', 0),
(55, 'KC6', 0),
(56, 'KC1', 0),
(56, 'KC2', 0),
(56, 'KC3', 0),
(56, 'KC4', 0),
(56, 'KC5', 0),
(56, 'KC6', 0),
(57, 'KC1', 0),
(57, 'KC2', 0),
(57, 'KC3', 0),
(57, 'KC4', 0),
(57, 'KC5', 0),
(57, 'KC6', 0),
(58, 'KC1', 0),
(58, 'KC2', 0),
(58, 'KC3', 0),
(58, 'KC4', 0),
(58, 'KC5', 0),
(58, 'KC6', 0),
(59, 'KC1', 0),
(59, 'KC2', 0),
(59, 'KC3', 0),
(59, 'KC4', 0),
(59, 'KC5', 0),
(59, 'KC6', 0),
(60, 'KC1', 0),
(60, 'KC2', 0),
(60, 'KC3', 0),
(60, 'KC4', 0),
(60, 'KC5', 0),
(60, 'KC6', 0),
(61, 'KC1', 0),
(61, 'KC2', 0),
(61, 'KC3', 0),
(61, 'KC4', 0),
(61, 'KC5', 0),
(61, 'KC6', 0),
(62, 'KC1', 0),
(62, 'KC2', 0),
(62, 'KC3', 0),
(62, 'KC4', 0),
(62, 'KC5', 0),
(62, 'KC6', 0),
(63, 'KC1', 0),
(63, 'KC2', 0),
(63, 'KC3', 0),
(63, 'KC4', 0),
(63, 'KC5', 0),
(63, 'KC6', 0),
(64, 'KC1', 0),
(64, 'KC2', 0),
(64, 'KC3', 0),
(64, 'KC4', 0),
(64, 'KC5', 0),
(64, 'KC6', 0),
(65, 'KC1', 0),
(65, 'KC2', 0),
(65, 'KC3', 0),
(65, 'KC4', 0),
(65, 'KC5', 0),
(65, 'KC6', 0),
(66, 'KC1', 0),
(66, 'KC2', 0),
(66, 'KC3', 0),
(66, 'KC4', 0),
(66, 'KC5', 0),
(66, 'KC6', 0),
(67, 'KC1', 0),
(67, 'KC2', 0),
(67, 'KC3', 0),
(67, 'KC4', 0),
(67, 'KC5', 0),
(67, 'KC6', 0),
(68, 'KC1', 0),
(68, 'KC2', 0),
(68, 'KC3', 0),
(68, 'KC4', 0),
(68, 'KC5', 0),
(68, 'KC6', 0),
(69, 'KC1', 0),
(69, 'KC2', 0),
(69, 'KC3', 0),
(69, 'KC4', 0),
(69, 'KC5', 0),
(69, 'KC6', 0),
(70, 'KC1', 0),
(70, 'KC2', 0),
(70, 'KC3', 0),
(70, 'KC4', 0),
(70, 'KC5', 0),
(70, 'KC6', 0),
(71, 'KC1', 0),
(71, 'KC2', 0),
(71, 'KC3', 0),
(71, 'KC4', 0),
(71, 'KC5', 0),
(71, 'KC6', 0),
(72, 'KC1', 0),
(72, 'KC2', 0),
(72, 'KC3', 0),
(72, 'KC4', 0),
(72, 'KC5', 0),
(72, 'KC6', 0),
(73, 'KC1', 0),
(73, 'KC2', 0),
(73, 'KC3', 0),
(73, 'KC4', 0),
(73, 'KC5', 0),
(73, 'KC6', 0),
(74, 'KC1', 0),
(74, 'KC2', 0),
(74, 'KC3', 0),
(74, 'KC4', 0),
(74, 'KC5', 0),
(74, 'KC6', 0),
(75, 'KC1', 0),
(75, 'KC2', 0),
(75, 'KC3', 0),
(75, 'KC4', 0),
(75, 'KC5', 0),
(75, 'KC6', 0),
(76, 'KC1', 0),
(76, 'KC2', 0),
(76, 'KC3', 0),
(76, 'KC4', 0),
(76, 'KC5', 0),
(76, 'KC6', 0),
(77, 'KC1', 0),
(77, 'KC2', 0),
(77, 'KC3', 0),
(77, 'KC4', 0),
(77, 'KC5', 0),
(77, 'KC6', 0),
(78, 'KC1', 0),
(78, 'KC2', 0),
(78, 'KC3', 0),
(78, 'KC4', 0),
(78, 'KC5', 0),
(78, 'KC6', 0),
(79, 'KC1', 0),
(79, 'KC2', 0),
(79, 'KC3', 0),
(79, 'KC4', 0),
(79, 'KC5', 0),
(79, 'KC6', 0),
(80, 'KC1', 0),
(80, 'KC2', 0),
(80, 'KC3', 0),
(80, 'KC4', 0),
(80, 'KC5', 0),
(80, 'KC6', 0),
(81, 'KC1', 0),
(81, 'KC2', 0),
(81, 'KC3', 0),
(81, 'KC4', 0),
(81, 'KC5', 0),
(81, 'KC6', 0),
(82, 'KC1', 0),
(82, 'KC2', 0),
(82, 'KC3', 0),
(82, 'KC4', 0),
(82, 'KC5', 0),
(82, 'KC6', 0),
(83, 'KC1', 0),
(83, 'KC2', 0),
(83, 'KC3', 0),
(83, 'KC4', 0),
(83, 'KC5', 0),
(83, 'KC6', 0),
(84, 'KC1', 0),
(84, 'KC2', 0),
(84, 'KC3', 0),
(84, 'KC4', 0),
(84, 'KC5', 0),
(84, 'KC6', 0),
(85, 'KC1', 0),
(85, 'KC2', 0),
(85, 'KC3', 0),
(85, 'KC4', 0),
(85, 'KC5', 0),
(85, 'KC6', 0),
(86, 'KC1', 0),
(86, 'KC2', 0),
(86, 'KC3', 0),
(86, 'KC4', 0),
(86, 'KC5', 0),
(86, 'KC6', 0),
(87, 'KC1', 0),
(87, 'KC2', 0),
(87, 'KC3', 0),
(87, 'KC4', 0),
(87, 'KC5', 0),
(87, 'KC6', 0),
(88, 'KC1', 0),
(88, 'KC2', 0),
(88, 'KC3', 0),
(88, 'KC4', 0),
(88, 'KC5', 0),
(88, 'KC6', 0),
(89, 'KC1', 0),
(89, 'KC2', 0),
(89, 'KC3', 0),
(89, 'KC4', 0),
(89, 'KC5', 0),
(89, 'KC6', 0),
(90, 'KC1', 0),
(90, 'KC2', 0),
(90, 'KC3', 0),
(90, 'KC4', 0),
(90, 'KC5', 0),
(90, 'KC6', 0),
(91, 'KC1', 0),
(91, 'KC2', 0),
(91, 'KC3', 0),
(91, 'KC4', 0),
(91, 'KC5', 0),
(91, 'KC6', 0),
(92, 'KC1', 0),
(92, 'KC2', 0),
(92, 'KC3', 0),
(92, 'KC4', 0),
(92, 'KC5', 0),
(92, 'KC6', 0),
(93, 'KC1', 0),
(93, 'KC2', 0),
(93, 'KC3', 0),
(93, 'KC4', 0),
(93, 'KC5', 0),
(93, 'KC6', 0),
(94, 'KC1', 0),
(94, 'KC2', 0),
(94, 'KC3', 0),
(94, 'KC4', 0),
(94, 'KC5', 0),
(94, 'KC6', 0),
(95, 'KC1', 0),
(95, 'KC2', 0),
(95, 'KC3', 0),
(95, 'KC4', 0),
(95, 'KC5', 0),
(95, 'KC6', 0),
(96, 'KC1', 0),
(96, 'KC2', 0),
(96, 'KC3', 0),
(96, 'KC4', 0),
(96, 'KC5', 0),
(96, 'KC6', 0),
(97, 'KC1', 0),
(97, 'KC2', 0),
(97, 'KC3', 0),
(97, 'KC4', 0),
(97, 'KC5', 0),
(97, 'KC6', 0),
(98, 'KC1', 0),
(98, 'KC2', 0),
(98, 'KC3', 0),
(98, 'KC4', 0),
(98, 'KC5', 0),
(98, 'KC6', 0),
(99, 'KC1', 0),
(99, 'KC2', 0),
(99, 'KC3', 0),
(99, 'KC4', 0),
(99, 'KC5', 0),
(99, 'KC6', 0),
(100, 'KC1', 0),
(100, 'KC2', 0),
(100, 'KC3', 0),
(100, 'KC4', 0),
(100, 'KC5', 0),
(100, 'KC6', 0),
(101, 'KC1', 0),
(101, 'KC2', 0),
(101, 'KC3', 0),
(101, 'KC4', 0),
(101, 'KC5', 0),
(101, 'KC6', 0),
(102, 'KC1', 0),
(102, 'KC2', 0),
(102, 'KC3', 0),
(102, 'KC4', 0),
(102, 'KC5', 0),
(102, 'KC6', 0),
(103, 'KC1', 0),
(103, 'KC2', 0),
(103, 'KC3', 0),
(103, 'KC4', 0),
(103, 'KC5', 0),
(103, 'KC6', 0),
(104, 'KC1', 0),
(104, 'KC2', 0),
(104, 'KC3', 0),
(104, 'KC4', 0),
(104, 'KC5', 0),
(104, 'KC6', 0),
(105, 'KC1', 0),
(105, 'KC2', 0),
(105, 'KC3', 0),
(105, 'KC4', 0),
(105, 'KC5', 0),
(105, 'KC6', 0),
(106, 'KC1', 0),
(106, 'KC2', 0),
(106, 'KC3', 0),
(106, 'KC4', 0),
(106, 'KC5', 0),
(106, 'KC6', 0),
(107, 'KC1', 0),
(107, 'KC2', 0),
(107, 'KC3', 0),
(107, 'KC4', 0),
(107, 'KC5', 0),
(107, 'KC6', 0),
(108, 'KC1', 0),
(108, 'KC2', 0),
(108, 'KC3', 0),
(108, 'KC4', 0),
(108, 'KC5', 0),
(108, 'KC6', 0),
(109, 'KC1', 0),
(109, 'KC2', 0),
(109, 'KC3', 0),
(109, 'KC4', 0),
(109, 'KC5', 0),
(109, 'KC6', 0),
(110, 'KC1', 0),
(110, 'KC2', 0),
(110, 'KC3', 0),
(110, 'KC4', 0),
(110, 'KC5', 0),
(110, 'KC6', 0),
(111, 'KC1', 0),
(111, 'KC2', 0),
(111, 'KC3', 0),
(111, 'KC4', 0),
(111, 'KC5', 0),
(111, 'KC6', 0),
(112, 'KC1', 0),
(112, 'KC2', 0),
(112, 'KC3', 0),
(112, 'KC4', 0),
(112, 'KC5', 0),
(112, 'KC6', 0),
(113, 'KC1', 0),
(113, 'KC2', 0),
(113, 'KC3', 0),
(113, 'KC4', 0),
(113, 'KC5', 0),
(113, 'KC6', 0),
(114, 'KC1', 0),
(114, 'KC2', 0),
(114, 'KC3', 0),
(114, 'KC4', 0),
(114, 'KC5', 0),
(114, 'KC6', 0),
(115, 'KC1', 0),
(115, 'KC2', 0),
(115, 'KC3', 0),
(115, 'KC4', 0),
(115, 'KC5', 0),
(115, 'KC6', 0),
(116, 'KC1', 0),
(116, 'KC2', 0),
(116, 'KC3', 0),
(116, 'KC4', 0),
(116, 'KC5', 0),
(116, 'KC6', 0),
(117, 'KC1', 0),
(117, 'KC2', 0),
(117, 'KC3', 0),
(117, 'KC4', 0),
(117, 'KC5', 0),
(117, 'KC6', 0),
(118, 'KC1', 0),
(118, 'KC2', 0),
(118, 'KC3', 0),
(118, 'KC4', 0),
(118, 'KC5', 0),
(118, 'KC6', 0),
(119, 'KC1', 0),
(119, 'KC2', 0),
(119, 'KC3', 0),
(119, 'KC4', 0),
(119, 'KC5', 0),
(119, 'KC6', 0),
(120, 'KC1', 0),
(120, 'KC2', 0),
(120, 'KC3', 0),
(120, 'KC4', 0),
(120, 'KC5', 0),
(120, 'KC6', 0),
(121, 'KC1', 0),
(121, 'KC2', 0),
(121, 'KC3', 0),
(121, 'KC4', 0),
(121, 'KC5', 0),
(121, 'KC6', 0),
(122, 'KC1', 0),
(122, 'KC2', 0),
(122, 'KC3', 0),
(122, 'KC4', 0),
(122, 'KC5', 0),
(122, 'KC6', 0),
(123, 'KC1', 0),
(123, 'KC2', 0),
(123, 'KC3', 0),
(123, 'KC4', 0),
(123, 'KC5', 0),
(123, 'KC6', 0),
(124, 'KC1', 0),
(124, 'KC2', 0),
(124, 'KC3', 0),
(124, 'KC4', 0),
(124, 'KC5', 0),
(124, 'KC6', 0),
(125, 'KC1', 0),
(125, 'KC2', 0),
(125, 'KC3', 0),
(125, 'KC4', 0),
(125, 'KC5', 0),
(125, 'KC6', 0),
(126, 'KC1', 0),
(126, 'KC2', 0),
(126, 'KC3', 0),
(126, 'KC4', 0),
(126, 'KC5', 0),
(126, 'KC6', 0),
(127, 'KC1', 0),
(127, 'KC2', 0),
(127, 'KC3', 0),
(127, 'KC4', 0),
(127, 'KC5', 0),
(127, 'KC6', 0),
(128, 'KC1', 0),
(128, 'KC2', 0),
(128, 'KC3', 0),
(128, 'KC4', 0),
(128, 'KC5', 0),
(128, 'KC6', 0),
(129, 'KC1', 0),
(129, 'KC2', 0),
(129, 'KC3', 0),
(129, 'KC4', 0),
(129, 'KC5', 0),
(129, 'KC6', 0),
(130, 'KC1', 0),
(130, 'KC2', 0),
(130, 'KC3', 0),
(130, 'KC4', 0),
(130, 'KC5', 0),
(130, 'KC6', 0),
(131, 'KC1', 0),
(131, 'KC2', 0),
(131, 'KC3', 0),
(131, 'KC4', 0),
(131, 'KC5', 0),
(131, 'KC6', 0),
(132, 'KC1', 0),
(132, 'KC2', 0),
(132, 'KC3', 0),
(132, 'KC4', 0),
(132, 'KC5', 0),
(132, 'KC6', 0),
(133, 'KC1', 0),
(133, 'KC2', 0),
(133, 'KC3', 0),
(133, 'KC4', 0),
(133, 'KC5', 0),
(133, 'KC6', 0),
(134, 'KC1', 0),
(134, 'KC2', 0),
(134, 'KC3', 0),
(134, 'KC4', 0),
(134, 'KC5', 0),
(134, 'KC6', 0),
(135, 'KC1', 0),
(135, 'KC2', 0),
(135, 'KC3', 0),
(135, 'KC4', 0),
(135, 'KC5', 0),
(135, 'KC6', 0),
(136, 'KC1', 0),
(136, 'KC2', 0),
(136, 'KC3', 0),
(136, 'KC4', 0),
(136, 'KC5', 0),
(136, 'KC6', 0),
(145, 'KC1', 0),
(145, 'KC2', 0),
(145, 'KC3', 0),
(145, 'KC4', 0),
(145, 'KC5', 0),
(145, 'KC6', 0),
(146, 'KC1', 0),
(146, 'KC2', 0),
(146, 'KC3', 0),
(146, 'KC4', 0),
(146, 'KC5', 0),
(146, 'KC6', 0),
(154, 'KC1', 0),
(154, 'KC2', 0),
(154, 'KC3', 0),
(154, 'KC4', 0),
(154, 'KC5', 0),
(154, 'KC6', 0),
(155, 'KC1', 0),
(155, 'KC2', 0),
(155, 'KC3', 0),
(155, 'KC4', 0),
(155, 'KC5', 0),
(155, 'KC6', 0),
(156, 'KC1', 0),
(156, 'KC2', 0),
(156, 'KC3', 0),
(156, 'KC4', 0),
(156, 'KC5', 0),
(156, 'KC6', 0),
(157, 'KC1', 100),
(157, 'KC2', 0),
(157, 'KC3', 0),
(157, 'KC4', 0),
(157, 'KC5', 0),
(157, 'KC6', 0),
(158, 'KC1', 30),
(158, 'KC2', 0),
(158, 'KC3', 0),
(158, 'KC4', 0),
(158, 'KC5', 0),
(158, 'KC6', 0),
(159, 'KC1', 50),
(159, 'KC2', 0),
(159, 'KC3', 0),
(159, 'KC4', 0),
(159, 'KC5', 0),
(159, 'KC6', 0),
(160, 'KC1', 0),
(160, 'KC2', 0),
(160, 'KC3', 0),
(160, 'KC4', 0),
(160, 'KC5', 0),
(160, 'KC6', 0),
(161, 'KC1', 0),
(161, 'KC2', 0),
(161, 'KC3', 0),
(161, 'KC4', 0),
(161, 'KC5', 0),
(161, 'KC6', 0),
(162, 'KC1', 50),
(162, 'KC2', 0),
(162, 'KC3', 0),
(162, 'KC4', 0),
(162, 'KC5', 0),
(162, 'KC6', 0),
(163, 'KC1', 100),
(163, 'KC2', 0),
(163, 'KC3', 0),
(163, 'KC4', 0),
(163, 'KC5', 0),
(163, 'KC6', 0),
(164, 'KC1', 0),
(164, 'KC2', 0),
(164, 'KC3', 0),
(164, 'KC4', 0),
(164, 'KC5', 0),
(164, 'KC6', 0),
(165, 'KC1', 0),
(165, 'KC2', 0),
(165, 'KC3', 0),
(165, 'KC4', 0),
(165, 'KC5', 0),
(165, 'KC6', 0),
(166, 'KC1', 0),
(166, 'KC2', 0),
(166, 'KC3', 0),
(166, 'KC4', 0),
(166, 'KC5', 0),
(166, 'KC6', 0),
(167, 'KC1', 0),
(167, 'KC2', 0),
(167, 'KC3', 0),
(167, 'KC4', 0),
(167, 'KC5', 0),
(167, 'KC6', 0),
(168, 'KC1', 0),
(168, 'KC2', 0),
(168, 'KC3', 0),
(168, 'KC4', 0),
(168, 'KC5', 0),
(168, 'KC6', 0),
(169, 'KC1', 0),
(169, 'KC2', 0),
(169, 'KC3', 0),
(169, 'KC4', 0),
(169, 'KC5', 0),
(169, 'KC6', 0),
(170, 'KC1', 100),
(170, 'KC2', 0),
(170, 'KC3', 0),
(170, 'KC4', 0),
(170, 'KC5', 0),
(170, 'KC6', 0),
(171, 'KC1', 0),
(171, 'KC2', 0),
(171, 'KC3', 0),
(171, 'KC4', 0),
(171, 'KC5', 0),
(171, 'KC6', 0),
(172, 'KC1', 0),
(172, 'KC2', 0),
(172, 'KC3', 0),
(172, 'KC4', 0),
(172, 'KC5', 0),
(172, 'KC6', 0),
(173, 'KC1', 40),
(173, 'KC2', 0),
(173, 'KC3', 0),
(173, 'KC4', 0),
(173, 'KC5', 0),
(173, 'KC6', 0),
(174, 'KC1', 0),
(174, 'KC2', 0),
(174, 'KC3', 0),
(174, 'KC4', 0),
(174, 'KC5', 0),
(174, 'KC6', 0),
(175, 'KC1', 0),
(175, 'KC2', 0),
(175, 'KC3', 0),
(175, 'KC4', 0),
(175, 'KC5', 0),
(175, 'KC6', 0),
(176, 'KC1', 0),
(176, 'KC2', 0),
(176, 'KC3', 0),
(176, 'KC4', 0),
(176, 'KC5', 0),
(176, 'KC6', 0),
(177, 'KC1', 0),
(177, 'KC2', 0),
(177, 'KC3', 0),
(177, 'KC4', 0),
(177, 'KC5', 0),
(177, 'KC6', 0),
(178, 'KC1', 0),
(178, 'KC2', 0),
(178, 'KC3', 0),
(178, 'KC4', 0),
(178, 'KC5', 0),
(178, 'KC6', 0),
(179, 'KC1', 50),
(179, 'KC2', 5),
(179, 'KC3', 5),
(179, 'KC4', 5),
(179, 'KC5', 5),
(179, 'KC6', 0),
(180, 'KC1', 0),
(180, 'KC2', 0),
(180, 'KC3', 0),
(180, 'KC4', 0),
(180, 'KC5', 0),
(180, 'KC6', 0),
(181, 'KC1', 100),
(181, 'KC2', 0),
(181, 'KC3', 0),
(181, 'KC4', 0),
(181, 'KC5', 0),
(181, 'KC6', 0),
(182, 'KC1', 50),
(182, 'KC2', 0),
(182, 'KC3', 0),
(182, 'KC4', 0),
(182, 'KC5', 0),
(182, 'KC6', 0),
(183, 'KC1', 0),
(183, 'KC2', 0),
(183, 'KC3', 0),
(183, 'KC4', 0),
(183, 'KC5', 0),
(183, 'KC6', 0),
(184, 'KC1', 0),
(184, 'KC2', 0),
(184, 'KC3', 0),
(184, 'KC4', 0),
(184, 'KC5', 0),
(184, 'KC6', 0),
(185, 'KC1', 0),
(185, 'KC2', 0),
(185, 'KC3', 0),
(185, 'KC4', 0),
(185, 'KC5', 0),
(185, 'KC6', 0),
(186, 'KC1', 50),
(186, 'KC2', 0),
(186, 'KC3', 0),
(186, 'KC4', 0),
(186, 'KC5', 0),
(186, 'KC6', 0),
(187, 'KC1', 0),
(187, 'KC2', 0),
(187, 'KC3', 0),
(187, 'KC4', 0),
(187, 'KC5', 0),
(187, 'KC6', 0),
(188, 'KC1', 0),
(188, 'KC2', 0),
(188, 'KC3', 0),
(188, 'KC4', 0),
(188, 'KC5', 0),
(188, 'KC6', 0),
(189, 'KC1', 0),
(189, 'KC2', 0),
(189, 'KC3', 0),
(189, 'KC4', 0),
(189, 'KC5', 0),
(189, 'KC6', 0),
(190, 'KC1', 50),
(190, 'KC2', 0),
(190, 'KC3', 0),
(190, 'KC4', 0),
(190, 'KC5', 0),
(190, 'KC6', 0),
(191, 'KC1', 50),
(191, 'KC2', 0),
(191, 'KC3', 0),
(191, 'KC4', 0),
(191, 'KC5', 0),
(191, 'KC6', 0),
(192, 'KC1', 50),
(192, 'KC2', 0),
(192, 'KC3', 0),
(192, 'KC4', 0),
(192, 'KC5', 0),
(192, 'KC6', 0),
(193, 'KC1', 0),
(193, 'KC2', 0),
(193, 'KC3', 0),
(193, 'KC4', 0),
(193, 'KC5', 0),
(193, 'KC6', 0),
(194, 'KC1', 100),
(194, 'KC2', 0),
(194, 'KC3', 0),
(194, 'KC4', 0),
(194, 'KC5', 0),
(194, 'KC6', 0),
(195, 'KC1', 0),
(195, 'KC2', 0),
(195, 'KC3', 0),
(195, 'KC4', 0),
(195, 'KC5', 0),
(195, 'KC6', 0),
(196, 'KC1', 50),
(196, 'KC2', 0),
(196, 'KC3', 5),
(196, 'KC4', 5),
(196, 'KC5', 5),
(196, 'KC6', 0),
(197, 'KC1', 58),
(197, 'KC2', 5),
(197, 'KC3', 11),
(197, 'KC4', 5),
(197, 'KC5', 5),
(197, 'KC6', 0),
(198, 'KC1', 0),
(198, 'KC2', 0),
(198, 'KC3', 0),
(198, 'KC4', 0),
(198, 'KC5', 0),
(198, 'KC6', 0),
(199, 'KC1', 100),
(199, 'KC2', 0),
(199, 'KC3', 0),
(199, 'KC4', 0),
(199, 'KC5', 0),
(199, 'KC6', 0),
(200, 'KC1', 0),
(200, 'KC2', 0),
(200, 'KC3', 0),
(200, 'KC4', 0),
(200, 'KC5', 0),
(200, 'KC6', 0),
(201, 'KC1', 0),
(201, 'KC2', 0),
(201, 'KC3', 0),
(201, 'KC4', 0),
(201, 'KC5', 0),
(201, 'KC6', 0),
(202, 'KC1', 0),
(202, 'KC2', 0),
(202, 'KC3', 0),
(202, 'KC4', 0),
(202, 'KC5', 0),
(202, 'KC6', 0),
(203, 'KC1', 60),
(203, 'KC2', 0),
(203, 'KC3', 0),
(203, 'KC4', 0),
(203, 'KC5', 0),
(203, 'KC6', 0),
(204, 'KC1', 0),
(204, 'KC2', 0),
(204, 'KC3', 0),
(204, 'KC4', 0),
(204, 'KC5', 0),
(204, 'KC6', 0),
(205, 'KC1', 20),
(205, 'KC2', 0),
(205, 'KC3', 0),
(205, 'KC4', 0),
(205, 'KC5', 5),
(205, 'KC6', 0),
(206, 'KC1', 50),
(206, 'KC2', 0),
(206, 'KC3', 0),
(206, 'KC4', 0),
(206, 'KC5', 5),
(206, 'KC6', 0),
(207, 'KC1', 50),
(207, 'KC2', 0),
(207, 'KC3', 0),
(207, 'KC4', 0),
(207, 'KC5', 5),
(207, 'KC6', 0),
(208, 'KC1', 0),
(208, 'KC2', 0),
(208, 'KC3', 0),
(208, 'KC4', 0),
(208, 'KC5', 0),
(208, 'KC6', 0),
(209, 'KC1', 0),
(209, 'KC2', 0),
(209, 'KC3', 0),
(209, 'KC4', 0),
(209, 'KC5', 0),
(209, 'KC6', 0),
(210, 'KC1', 50),
(210, 'KC2', 0),
(210, 'KC3', 0),
(210, 'KC4', 0),
(210, 'KC5', 0),
(210, 'KC6', 0),
(211, 'KC1', 0),
(211, 'KC2', 0),
(211, 'KC3', 0),
(211, 'KC4', 0),
(211, 'KC5', 0),
(211, 'KC6', 0);

-- --------------------------------------------------------

--
-- Table structure for table `supplier`
--

CREATE TABLE `supplier` (
  `kodesupplier` varchar(5) NOT NULL,
  `namasupplier` varchar(50) NOT NULL,
  `contactperson` varchar(20) NOT NULL,
  `nomertelp` varchar(20) NOT NULL,
  `alamat` varchar(30) NOT NULL,
  `kota` varchar(20) NOT NULL,
  `status` varchar(10) NOT NULL
) ENGINE=InnoDB DEFAULT CHARSET=utf8mb4;

--
-- Dumping data for table `supplier`
--

INSERT INTO `supplier` (`kodesupplier`, `namasupplier`, `contactperson`, `nomertelp`, `alamat`, `kota`, `status`) VALUES
('SP001', 'PT. SARI INDOGUNA', 'PAK DERRY', '085722454476', 'JL. MANYAR JAYA 3', 'SURABAYA', 'NONAKTIF'),
('SP002', 'PT. LESTARI JAYA', 'PAK ONGKY', '081804227655', 'JL. LONTAR NO. 130', 'SURABAYA', 'NONAKTIF'),
('SP003', 'PT. SARANA KEDUNG CO', 'IBU HENNY', '0315877723', 'JL. DEMAK 3', 'SURABAYA', 'NONAKTIF'),
('SP004', 'PT. GARUDA', 'PAK HADI', '0315654432', 'JL. LONTAR NO. 137', 'SURABAYA', 'NONAKTIF'),
('SP005', 'PT.  MANDALA BARU', 'PAK DEDDY', '081389335678', 'JL. PENDESTRIAN RUNGKUT NO 22 ', 'SURABAYA', 'NONAKTIF'),
('SP006', 'CV. SURYA KENCANA', 'RENDI TRI', '0315672333', 'JL. KAPAS KRAMPUNG 3/22', 'SURABAYA', 'AKTIF'),
('SP007', 'PT TIGA PILAR GARUDA', 'RUDI', '0854363733', 'JL. Ketintangn 3', 'SURABAYA', 'AKTIF'),
('SP008', 'PT TIGA PILAR SEJAHTERA FOOD', 'SHENNY', '0316584436', 'JL. KEDUNG BARUK 3', 'SURABAYA', 'AKTIF'),
('SP009', 'PT. PERUSAHAAN INDUSTRI SINAR KENTJANA SURABAYA', 'KEVIN', '0315045656', 'BL. BREBEG 2', 'SURABAYA', 'AKTIF');

--
-- Indexes for dumped tables
--

--
-- Indexes for table `bahan`
--
ALTER TABLE `bahan`
  ADD PRIMARY KEY (`kodebahan`);

--
-- Indexes for table `bom`
--
ALTER TABLE `bom`
  ADD PRIMARY KEY (`kodebom`);

--
-- Indexes for table `cabang`
--
ALTER TABLE `cabang`
  ADD PRIMARY KEY (`kodecabang`);

--
-- Indexes for table `ddistribusi`
--
ALTER TABLE `ddistribusi`
  ADD PRIMARY KEY (`notadetail`);

--
-- Indexes for table `detailpaketmenu`
--
ALTER TABLE `detailpaketmenu`
  ADD PRIMARY KEY (`kodedetailpaket`);

--
-- Indexes for table `detailsupplier`
--
ALTER TABLE `detailsupplier`
  ADD PRIMARY KEY (`kodedetailsupplier`);

--
-- Indexes for table `djual`
--
ALTER TABLE `djual`
  ADD PRIMARY KEY (`nomernotadetail`);

--
-- Indexes for table `dpembelian`
--
ALTER TABLE `dpembelian`
  ADD PRIMARY KEY (`notadetail`);

--
-- Indexes for table `dpenerimaan`
--
ALTER TABLE `dpenerimaan`
  ADD PRIMARY KEY (`notadetail`);

--
-- Indexes for table `dpermintaan`
--
ALTER TABLE `dpermintaan`
  ADD PRIMARY KEY (`notadetail`);

--
-- Indexes for table `hdistribusi`
--
ALTER TABLE `hdistribusi`
  ADD PRIMARY KEY (`nomernota`);

--
-- Indexes for table `hjual`
--
ALTER TABLE `hjual`
  ADD PRIMARY KEY (`nomernota`);

--
-- Indexes for table `hpembelian`
--
ALTER TABLE `hpembelian`
  ADD PRIMARY KEY (`nomernota`);

--
-- Indexes for table `hpenerimaan`
--
ALTER TABLE `hpenerimaan`
  ADD PRIMARY KEY (`nomernota`);

--
-- Indexes for table `hpermintaan`
--
ALTER TABLE `hpermintaan`
  ADD PRIMARY KEY (`nomernota`);

--
-- Indexes for table `kartustok`
--
ALTER TABLE `kartustok`
  ADD PRIMARY KEY (`kodekartustok`);

--
-- Indexes for table `karyawan`
--
ALTER TABLE `karyawan`
  ADD PRIMARY KEY (`kodekaryawan`);

--
-- Indexes for table `konversisatuan`
--
ALTER TABLE `konversisatuan`
  ADD PRIMARY KEY (`kodekonversi`);

--
-- Indexes for table `member`
--
ALTER TABLE `member`
  ADD PRIMARY KEY (`kodemember`);

--
-- Indexes for table `paketmenu`
--
ALTER TABLE `paketmenu`
  ADD PRIMARY KEY (`kodepaket`);

--
-- Indexes for table `penyesuaianstok`
--
ALTER TABLE `penyesuaianstok`
  ADD PRIMARY KEY (`idpenyesuaian`);

--
-- Indexes for table `satuan`
--
ALTER TABLE `satuan`
  ADD PRIMARY KEY (`kodesatuan`);

--
-- Indexes for table `stokcabang`
--
ALTER TABLE `stokcabang`
  ADD PRIMARY KEY (`kodebahan`,`kodecabang`);

--
-- Indexes for table `supplier`
--
ALTER TABLE `supplier`
  ADD PRIMARY KEY (`kodesupplier`);

--
-- AUTO_INCREMENT for dumped tables
--

--
-- AUTO_INCREMENT for table `bahan`
--
ALTER TABLE `bahan`
  MODIFY `kodebahan` int(11) NOT NULL AUTO_INCREMENT, AUTO_INCREMENT=212;

--
-- AUTO_INCREMENT for table `bom`
--
ALTER TABLE `bom`
  MODIFY `kodebom` int(11) NOT NULL AUTO_INCREMENT, AUTO_INCREMENT=391;

--
-- AUTO_INCREMENT for table `ddistribusi`
--
ALTER TABLE `ddistribusi`
  MODIFY `notadetail` int(11) NOT NULL AUTO_INCREMENT, AUTO_INCREMENT=50;

--
-- AUTO_INCREMENT for table `detailpaketmenu`
--
ALTER TABLE `detailpaketmenu`
  MODIFY `kodedetailpaket` int(11) NOT NULL AUTO_INCREMENT, AUTO_INCREMENT=23;

--
-- AUTO_INCREMENT for table `detailsupplier`
--
ALTER TABLE `detailsupplier`
  MODIFY `kodedetailsupplier` int(11) NOT NULL AUTO_INCREMENT, AUTO_INCREMENT=6;

--
-- AUTO_INCREMENT for table `djual`
--
ALTER TABLE `djual`
  MODIFY `nomernotadetail` int(11) NOT NULL AUTO_INCREMENT, AUTO_INCREMENT=7;

--
-- AUTO_INCREMENT for table `dpembelian`
--
ALTER TABLE `dpembelian`
  MODIFY `notadetail` int(11) NOT NULL AUTO_INCREMENT, AUTO_INCREMENT=55;

--
-- AUTO_INCREMENT for table `dpenerimaan`
--
ALTER TABLE `dpenerimaan`
  MODIFY `notadetail` int(11) NOT NULL AUTO_INCREMENT, AUTO_INCREMENT=41;

--
-- AUTO_INCREMENT for table `dpermintaan`
--
ALTER TABLE `dpermintaan`
  MODIFY `notadetail` int(11) NOT NULL AUTO_INCREMENT, AUTO_INCREMENT=2;

--
-- AUTO_INCREMENT for table `hjual`
--
ALTER TABLE `hjual`
  MODIFY `nomernota` int(11) NOT NULL AUTO_INCREMENT, AUTO_INCREMENT=11;

--
-- AUTO_INCREMENT for table `kartustok`
--
ALTER TABLE `kartustok`
  MODIFY `kodekartustok` int(11) NOT NULL AUTO_INCREMENT, AUTO_INCREMENT=1194;

--
-- AUTO_INCREMENT for table `konversisatuan`
--
ALTER TABLE `konversisatuan`
  MODIFY `kodekonversi` int(11) NOT NULL AUTO_INCREMENT, AUTO_INCREMENT=200;

--
-- AUTO_INCREMENT for table `penyesuaianstok`
--
ALTER TABLE `penyesuaianstok`
  MODIFY `idpenyesuaian` int(11) NOT NULL AUTO_INCREMENT, AUTO_INCREMENT=8;
COMMIT;

/*!40101 SET CHARACTER_SET_CLIENT=@OLD_CHARACTER_SET_CLIENT */;
/*!40101 SET CHARACTER_SET_RESULTS=@OLD_CHARACTER_SET_RESULTS */;
/*!40101 SET COLLATION_CONNECTION=@OLD_COLLATION_CONNECTION */;
